date,open,high,low,close,adjClose,volume
28-Apr-23,33797.43,34104.56,33728.4,34098.16,34098.16,354310000
27-Apr-23,33381.66,33859.75,33374.65,33826.16,33826.16,343240000
26-Apr-23,33596.34,33645.83,33235.85,33301.87,33301.87,321170000
25-Apr-23,33828.34,33875.49,33525.39,33530.83,33530.83,297880000
24-Apr-23,33805.04,33891.15,33726.09,33875.4,33875.4,252020000
21-Apr-23,33793.6,33858.83,33688.57,33808.96,33808.96,291080000
20-Apr-23,33740.6,33875.39,33677.74,33786.62,33786.62,307910000
19-Apr-23,33889.83,33957.98,33814.65,33897.01,33897.01,251490000
18-Apr-23,33965.16,34018.62,33791.89,33976.63,33976.63,253570000
17-Apr-23,33930.46,33991.23,33796.91,33987.18,33987.18,234530000
14-Apr-23,33981.71,34082.94,33730.85,33886.47,33886.47,276720000
13-Apr-23,33668.97,34054.99,33605.17,34029.69,34029.69,277230000
12-Apr-23,33764.21,33895.43,33593.32,33646.5,33646.5,260300000
11-Apr-23,33586.75,33781.29,33586.75,33684.79,33684.79,241430000
10-Apr-23,33425.25,33590.24,33343.43,33586.52,33586.52,232920000
06-Apr-23,33420.96,33525.96,33325.37,33485.29,33485.29,258680000
05-Apr-23,33394.6,33543.84,33376.27,33482.72,33482.72,286660000
04-Apr-23,33594.79,33634.72,33275.62,33402.38,33402.38,283360000
03-Apr-23,33245.78,33632.9,33245.78,33601.15,33601.15,311890000
31-Mar-23,32901.96,33291,32901.96,33274.15,33274.15,353740000
30-Mar-23,32807.43,32905.8,32682.87,32859.03,32859.03,283380000
29-Mar-23,32566.54,32728.04,32539.94,32717.6,32717.6,314110000
28-Mar-23,32434.85,32551.01,32295.5,32394.25,32394.25,248560000
27-Mar-23,32276.72,32564,32276.72,32432.08,32432.08,291560000
24-Mar-23,32038.22,32257.24,31805.18,32237.53,32237.53,317070000
23-Mar-23,32101.49,32511.49,31864.74,32105.25,32105.25,335430000
22-Mar-23,32570.19,32761.89,32020.46,32030.11,32030.11,325990000
21-Mar-23,32420.71,32593.68,32346.12,32560.6,32560.6,363190000
20-Mar-23,31872.33,32280.07,31872.33,32244.58,32244.58,357210000
17-Mar-23,32217.32,32217.32,31728.7,31861.98,31861.98,712100000
16-Mar-23,31827.65,32281.61,31571.46,32246.55,32246.55,440940000
15-Mar-23,31759.87,31906.47,31429.82,31874.57,31874.57,420910000
14-Mar-23,32055.29,32306.59,31805.4,32155.4,32155.4,391760000
13-Mar-23,31819.93,32240.35,31624.87,31819.14,31819.14,429090000
10-Mar-23,32185.14,32422.1,31783.41,31909.64,31909.64,397790000
09-Mar-23,32876.83,32990.46,32190.6,32254.86,32254.86,315860000
08-Mar-23,32872.08,32903.44,32612.7,32798.4,32798.4,242750000
07-Mar-23,33428.31,33453.25,32838.21,32856.46,32856.46,299400000
06-Mar-23,33425.32,33572.22,33383.47,33431.44,33431.44,329190000
03-Mar-23,33076.33,33405.82,33008.41,33390.97,33390.97,300050000
02-Mar-23,32780.97,33083.45,32665.85,33003.57,33003.57,317450000
01-Mar-23,32656.37,32746.15,32500.71,32661.84,32661.84,292810000
28-Feb-23,32873.47,32873.47,32636.43,32656.7,32656.7,303760000
27-Feb-23,32906.16,33189.28,32814.18,32889.09,32889.09,243660000
24-Feb-23,32999.19,32999.19,32643.48,32816.92,32816.92,277120000
23-Feb-23,33175.39,33272.4,32795.67,33153.91,33153.91,288120000
22-Feb-23,33169.33,33245.97,32948.27,33045.09,33045.09,321910000
21-Feb-23,33699.69,33699.69,33115.74,33129.59,33129.59,348320000
17-Feb-23,33677.01,33846.64,33517.73,33826.69,33826.69,302900000
16-Feb-23,33992.09,34041.16,33686.59,33696.85,33696.85,317530000
15-Feb-23,34008.63,34130.49,33833.1,34128.05,34128.05,267530000
14-Feb-23,34194.09,34331.47,33827.45,34089.27,34089.27,288820000
13-Feb-23,33887.39,34249.6,33887.39,34245.93,34245.93,302600000
10-Feb-23,33671.54,33897.31,33591.99,33869.27,33869.27,288150000
09-Feb-23,34105.61,34252.57,33607.13,33699.88,33699.88,347520000
08-Feb-23,34132.9,34161.65,33899.79,33949.01,33949.01,324090000
07-Feb-23,33769.78,34240,33634.1,34156.69,34156.69,361620000
06-Feb-23,33874.44,33962.84,33683.58,33891.02,33891.02,296400000
03-Feb-23,33926.3,34179.58,33813.86,33926.01,33926.01,425150000
02-Feb-23,34129.3,34145.14,33814.78,34053.94,34053.94,429910000
01-Feb-23,34039.6,34334.7,33581.42,34092.96,34092.96,370120000
31-Jan-23,33803.56,34095.23,33664.91,34086.04,34086.04,360240000
30-Jan-23,33909.21,34055.29,33695.18,33717.09,33717.09,343920000
27-Jan-23,33952.93,34164.33,33830.85,33978.08,33978.08,441260000
26-Jan-23,33771.66,33953.79,33635.6,33949.41,33949.41,327000000
25-Jan-23,33538.36,33773.09,33273.21,33743.84,33743.84,341720000
24-Jan-23,33444.72,33782.92,33310.56,33733.96,33733.96,299310000
23-Jan-23,33439.56,33782.88,33316.25,33629.56,33629.56,355220000
20-Jan-23,33073.46,33381.95,32948.93,33375.49,33375.49,367330000
19-Jan-23,33171.35,33227.49,32982.05,33044.56,33044.56,319770000
18-Jan-23,33948.49,34016.53,33269.9,33296.96,33296.96,351670000
17-Jan-23,34222.32,34269.97,33860.67,33910.85,33910.85,353050000
13-Jan-23,34075.31,34342.32,33915.49,34302.61,34302.61,274110000
12-Jan-23,34047.86,34292.67,33792.1,34189.97,34189.97,308190000
11-Jan-23,33754.03,33974.69,33711.04,33973.01,33973.01,301650000
10-Jan-23,33516.43,33726.54,33421.8,33704.1,33704.1,268260000
09-Jan-23,33664.39,33935.11,33487.66,33517.65,33517.65,327840000
06-Jan-23,33055.3,33710.66,32997.39,33630.61,33630.61,360740000
05-Jan-23,33191.72,33191.72,32812.33,32930.08,32930.08,337920000
04-Jan-23,33165.14,33409.1,33033.48,33269.77,33269.77,379400000
03-Jan-23,33148.9,33387.52,32850.57,33136.37,33136.37,355930000
30-Dec-22,33121.61,33152.55,32847.82,33147.25,33147.25,295500000
29-Dec-22,33021.43,33293.42,33020.35,33220.8,33220.8,243060000
28-Dec-22,33264.76,33379.55,32869.15,32875.71,32875.71,252260000
27-Dec-22,33224.23,33387.72,33069.58,33241.56,33241.56,246010000
23-Dec-22,32961.06,33226.14,32814.02,33203.93,33203.93,221050000
22-Dec-22,33233.35,33233.35,32573.43,33027.49,33027.49,340640000
21-Dec-22,33028.09,33437.84,33028.09,33376.48,33376.48,328020000
20-Dec-22,32735.24,32992.23,32649.45,32849.74,32849.74,303970000
19-Dec-22,32921.45,33038.94,32581.97,32757.54,32757.54,326430000
16-Dec-22,33166.46,33166.46,32654.59,32920.46,32920.46,756310000
15-Dec-22,33773,33773,33016.16,33202.22,33202.22,394290000
14-Dec-22,34086.07,34395.65,33704.17,33966.35,33966.35,339090000
13-Dec-22,34268.44,34712.28,33890.88,34108.64,34108.64,442650000
12-Dec-22,33519.5,34005.04,33519.5,34005.04,34005.04,313440000
09-Dec-22,33746.71,33844.63,33462.65,33476.46,33476.46,287630000
08-Dec-22,33695.97,33899.17,33642.46,33781.48,33781.48,271830000
07-Dec-22,33556.4,33774.27,33503.67,33597.92,33597.92,359980000
06-Dec-22,33936.87,34006.63,33418.59,33596.34,33596.34,306220000
05-Dec-22,34335.73,34335.73,33846.81,33947.1,33947.1,312960000
02-Dec-22,34265.45,34483.21,34039.73,34429.88,34429.88,290580000
01-Dec-22,34533.59,34595.51,34129.35,34395.01,34395.01,348720000
30-Nov-22,33795.43,34589.77,33583.77,34589.77,34589.77,524440000
29-Nov-22,33847.8,33933.91,33662.45,33852.53,33852.53,279750000
28-Nov-22,34275.91,34303.88,33799.35,33849.46,33849.46,300330000
25-Nov-22,34213.04,34386.51,34199.57,34347.03,34347.03,131660000
23-Nov-22,34091.57,34262.07,34004.64,34194.06,34194.06,236820000
22-Nov-22,33810.05,34115.7,33810.05,34098.1,34098.1,277070000
21-Nov-22,33760.3,33864.59,33559.18,33700.28,33700.28,352960000
18-Nov-22,33606.59,33827.94,33540.64,33745.69,33745.69,312950000
17-Nov-22,33329.27,33616.02,33239.75,33546.32,33546.32,319210000
16-Nov-22,33554.93,33682.83,33516.99,33553.83,33553.83,301560000
15-Nov-22,33755.94,33987.06,33320.2,33592.92,33592.92,390610000
14-Nov-22,33662.05,33964.3,33533.96,33536.7,33536.7,354340000
11-Nov-22,33797.75,33817.96,33394.43,33747.86,33747.86,427790000
10-Nov-22,33263.91,33727.73,33167.82,33715.37,33715.37,480130000
09-Nov-22,33004.47,33065.11,32478.87,32513.94,32513.94,355200000
08-Nov-22,32934.56,33355.39,32831.46,33160.83,33160.83,335340000
07-Nov-22,32454.1,32895.59,32424.99,32827,32827,336300000
04-Nov-22,32265.01,32611.52,31938.92,32403.22,32403.22,422370000
03-Nov-22,31985.05,32185.71,31727.05,32001.25,32001.25,354440000
02-Nov-22,32576.28,33071.93,32139.77,32147.76,32147.76,398430000
01-Nov-22,32862.79,32975.48,32485.23,32653.2,32653.2,323210000
31-Oct-22,32754.27,32883.86,32586.93,32732.95,32732.95,390890000
28-Oct-22,32204.31,32889.81,32158.38,32861.8,32861.8,495830000
27-Oct-22,32062.14,32388.42,31993.21,32033.28,32033.28,375720000
26-Oct-22,31738.44,32172.42,31738.44,31839.11,31839.11,430400000
25-Oct-22,31463.65,31876.15,31423.53,31836.74,31836.74,336930000
24-Oct-22,31187.32,31603.63,31161.41,31499.62,31499.62,345040000
21-Oct-22,30291.18,31119.27,30206.28,31082.56,31082.56,418190000
20-Oct-22,30411.92,30822.96,30265.2,30333.59,30333.59,333190000
19-Oct-22,30439.04,30662.11,30226.9,30423.81,30423.81,314030000
18-Oct-22,30697.52,30837.9,30301.83,30523.8,30523.8,387130000
17-Oct-22,30059.58,30311.95,29997.62,30185.82,30185.82,369820000
14-Oct-22,30192.21,30428.82,29614.3,29634.83,29634.83,379090000
13-Oct-22,28755.83,30168.54,28660.94,30038.72,30038.72,470260000
12-Oct-22,29233.06,29455.12,29136.03,29210.85,29210.85,304420000
11-Oct-22,29085.2,29608.42,29074.23,29239.19,29239.19,352920000
10-Oct-22,29419.09,29485.82,29010.41,29202.88,29202.88,315410000
07-Oct-22,29685.27,29685.27,29142.66,29296.79,29296.79,367950000
06-Oct-22,30206.13,30329.61,29859.34,29926.94,29926.94,306840000
05-Oct-22,30078.36,30454.46,29886.44,30273.87,30273.87,290610000
04-Oct-22,29826.67,30325.05,29826.67,30316.32,30316.32,375640000
03-Oct-22,28855.25,29647.79,28855.25,29490.89,29490.89,397830000
30-Sep-22,29123.03,29355.78,28715.85,28725.51,28725.51,464260000
29-Sep-22,29513.73,29513.73,28997.34,29225.61,29225.61,388820000
28-Sep-22,29198.92,29811.78,29114.97,29683.74,29683.74,436040000
27-Sep-22,29419.88,29659.12,28958.22,29134.99,29134.99,355460000
26-Sep-22,29536.84,29630.77,29161.12,29260.81,29260.81,369450000
23-Sep-22,29955.65,29955.65,29250.47,29590.41,29590.41,388200000
22-Sep-22,30204.52,30302.28,29994.53,30076.68,30076.68,335270000
21-Sep-22,30819.39,31020.79,30181.99,30183.78,30183.78,354960000
20-Sep-22,30888.53,30888.53,30465.91,30706.23,30706.23,317970000
19-Sep-22,30722.86,31026.89,30559.37,31019.68,31019.68,291200000
16-Sep-22,30866.61,30866.61,30550.08,30822.42,30822.42,627920000
15-Sep-22,31124.68,31277.69,30882.08,30961.82,30961.82,345500000
14-Sep-22,31141.02,31276.82,30885.02,31135.09,31135.09,348670000
13-Sep-22,32006.5,32006.5,31018.54,31104.97,31104.97,428930000
12-Sep-22,32159.49,32504.04,32159.49,32381.34,32381.34,339250000
09-Sep-22,31876.22,32227.74,31876.22,32151.71,32151.71,310980000
08-Sep-22,31481.95,31783.37,31321.5,31774.52,31774.52,344340000
07-Sep-22,31145.63,31644.34,31095.21,31581.28,31581.28,345080000
06-Sep-22,31343.79,31463.89,31048.46,31145.3,31145.3,347320000
02-Sep-22,31848.5,32026.9,31182.09,31318.44,31318.44,306180000
01-Sep-22,31454.58,31677.51,31219.75,31656.42,31656.42,339360000
31-Aug-22,31827.15,31966.04,31509.59,31510.43,31510.43,392780000
30-Aug-22,32163.84,32205.66,31647.22,31790.87,31790.87,317150000
29-Aug-22,32188,32325.16,31972.79,32098.99,32098.99,317820000
26-Aug-22,33293.43,33364.7,32278.22,32283.4,32283.4,352850000
25-Aug-22,33029.27,33306.09,32889.85,33291.78,33291.78,308530000
24-Aug-22,32899.01,33095.5,32828.56,32969.23,32969.23,256900000
23-Aug-22,33033.52,33138.26,32858.89,32909.59,32909.59,251870000
22-Aug-22,33586.59,33586.59,33007.63,33063.61,33063.61,308900000
19-Aug-22,33904.69,33904.69,33627.09,33706.74,33706.74,293990000
18-Aug-22,33981.86,34043.83,33844.46,33999.04,33999.04,282550000
17-Aug-22,34029.55,34161.01,33828.41,33980.32,33980.32,281390000
16-Aug-22,33924.35,34281.36,33852.57,34152.01,34152.01,288670000
15-Aug-22,33710.7,33954.71,33582.96,33912.44,33912.44,262670000
12-Aug-22,33430.72,33767.09,33398.32,33761.05,33761.05,299140000
11-Aug-22,33451.51,33651.8,33289.83,33336.67,33336.67,308030000
10-Aug-22,33130.63,33364.41,33130.63,33309.51,33309.51,311740000
09-Aug-22,32807.36,32877.53,32702.66,32774.41,32774.41,281080000
08-Aug-22,32877.36,33109.96,32769.1,32832.54,32832.54,275350000
05-Aug-22,32593.9,32814.61,32489.62,32803.47,32803.47,273010000
04-Aug-22,32805.69,32829.22,32652.63,32726.82,32726.82,315590000
03-Aug-22,32514.21,32912.74,32514.21,32812.5,32812.5,342160000
02-Aug-22,32691.29,32772.93,32387.12,32396.17,32396.17,316740000
01-Aug-22,32755.71,32972.03,32640.79,32798.4,32798.4,321180000
29-Jul-22,32515.62,32910.18,32493.02,32845.13,32845.13,487360000
28-Jul-22,32197.62,32609.54,31982.61,32529.63,32529.63,331110000
27-Jul-22,31865.05,32336.23,31799.43,32197.59,32197.59,365480000
26-Jul-22,31950.04,31950.04,31705.36,31761.54,31761.54,324930000
25-Jul-22,31950.93,32029.03,31821.67,31990.04,31990.04,255450000
22-Jul-22,32167.92,32219.25,31731.47,31899.29,31899.29,319880000
21-Jul-22,31826.49,32040.63,31534.08,32036.9,32036.9,302320000
20-Jul-22,31829.99,31944.45,31646.95,31874.84,31874.84,313520000
19-Jul-22,31165.91,31842.25,31165.91,31827.05,31827.05,378720000
18-Jul-22,31475.98,31644.68,30982.97,31072.61,31072.61,309960000
15-Jul-22,30775.37,31288.26,30775.37,31288.26,31288.26,321570000
14-Jul-22,30451.8,30680.12,30143.93,30630.17,30630.17,325130000
13-Jul-22,30743.63,30979.17,30514.61,30772.79,30772.79,291830000
12-Jul-22,31113.31,31346.1,30860.51,30981.33,30981.33,324190000
11-Jul-22,31277.98,31367.55,31114.4,31173.84,31173.84,245020000
08-Jul-22,31348.43,31511.46,31212.45,31338.15,31338.15,238120000
07-Jul-22,31190.65,31421.84,31154.64,31384.55,31384.55,296620000
06-Jul-22,30957.3,31224.69,30794.84,31037.68,31037.68,289800000
05-Jul-22,30903.12,30971.74,30355.12,30967.82,30967.82,323080000
01-Jul-22,30737.77,31139.35,30487.79,31097.26,31097.26,310440000
30-Jun-22,30790,30979.85,30431.87,30775.43,30775.43,394070000
29-Jun-22,31067.41,31152.96,30894.53,31029.31,31029.31,269390000
28-Jun-22,31549.05,31885.09,30934.33,30946.99,30946.99,350780000
27-Jun-22,31533.6,31598.59,31351.37,31438.26,31438.26,309910000
24-Jun-22,30846.94,31517.29,30846.94,31500.68,31500.68,465480000
23-Jun-22,30570.33,30715.63,30293.4,30677.36,30677.36,361420000
22-Jun-22,30352.57,30777.92,30166.01,30483.13,30483.13,343490000
21-Jun-22,30074.69,30653.98,30074.69,30530.25,30530.25,376900000
17-Jun-22,29912.7,30167.52,29653.29,29888.78,29888.78,692830000
16-Jun-22,30305.74,30305.74,29740.35,29927.07,29927.07,442910000
15-Jun-22,30570.5,31011.97,30185.08,30668.53,30668.53,392670000
14-Jun-22,30592.34,30690.8,30144.23,30364.83,30364.83,366800000
13-Jun-22,31144.91,31144.91,30373.72,30516.74,30516.74,472290000
10-Jun-22,32053.52,32053.52,31387.84,31392.79,31392.79,362300000
09-Jun-22,32828.62,32956.73,32267.78,32272.79,32272.79,289710000
08-Jun-22,33087.07,33156.5,32824.37,32910.9,32910.9,270470000
07-Jun-22,32783.03,33207.45,32641.85,33180.14,33180.14,270750000
06-Jun-22,33032.04,33235.37,32819.5,32915.78,32915.78,253010000
03-Jun-22,32986.32,33135.61,32839.21,32899.7,32899.7,298570000
02-Jun-22,32809.01,33248.61,32509.43,33248.28,33248.28,333210000
01-Jun-22,33156.31,33272.34,32584.76,32813.23,32813.23,338210000
31-May-22,33160.59,33240.22,32752.34,32990.12,32990.12,533560000
27-May-22,32735.09,33213.62,32682.01,33212.96,33212.96,328770000
26-May-22,32248.17,32774.14,32248.17,32637.19,32637.19,351220000
25-May-22,31816.31,32254.44,31754.33,32120.28,32120.28,343460000
24-May-22,31717.61,32014.86,31365.59,31928.62,31928.62,382950000
23-May-22,31395.89,31968.42,31395.89,31880.24,31880.24,402010000
20-May-22,31426.94,31515.78,30635.76,31261.9,31261.9,495510000
19-May-22,31262.62,31569.13,31016.41,31253.13,31253.13,517190000
18-May-22,32468.67,32468.67,31393.95,31490.07,31490.07,465060000
17-May-22,32427,32689.14,32308.15,32654.59,32654.59,389310000
16-May-22,32152.15,32514.02,31928.18,32223.42,32223.42,330030000
13-May-22,31963.86,32276.05,31862.79,32196.66,32196.66,388520000
12-May-22,31699.04,31914.46,31228.22,31730.3,31730.3,544240000
11-May-22,32123.24,32584.02,31798.86,31834.11,31834.11,458460000
10-May-22,32504.09,32752.17,31887.89,32160.74,32160.74,439290000
09-May-22,32685.17,32685.17,32121.98,32245.7,32245.7,470770000
06-May-22,32773.88,33055.84,32474.69,32899.37,32899.37,416520000
05-May-22,33854.17,33854.17,32685.1,32997.97,32997.97,448420000
04-May-22,33171.8,34117.74,33021.84,34061.06,34061.06,411060000
03-May-22,33086.09,33341.58,32914.75,33128.79,33128.79,364420000
02-May-22,32978.49,33224.95,32449.87,33061.5,33061.5,453390000
29-Apr-22,33787.01,33919.59,32913.15,32977.21,32977.21,501560000
28-Apr-22,33425.96,34054.79,33248.46,33916.39,33916.39,440380000
27-Apr-22,33450.92,33697.18,33108.89,33301.93,33301.93,447230000
26-Apr-22,33907.49,33909.51,33230.95,33240.18,33240.18,400020000
25-Apr-22,33731.65,34106.01,33323.37,34049.46,34049.46,416900000
22-Apr-22,34727.38,34727.38,33773.39,33811.4,33811.4,373280000
21-Apr-22,35258.8,35492.22,34723.82,34792.76,34792.76,366390000
20-Apr-22,34962.67,35315.4,34962.67,35160.79,35160.79,337620000
19-Apr-22,34394.62,34983.11,34394.62,34911.2,34911.2,296350000
18-Apr-22,34411.49,34618.29,34279.08,34411.69,34411.69,264110000
14-Apr-22,34628.46,34889.17,34437.5,34451.23,34451.23,353680000
13-Apr-22,34166.64,34598.36,34140.64,34564.59,34564.59,313630000
12-Apr-22,34412.51,34669.97,34102.81,34220.36,34220.36,333510000
11-Apr-22,34630.27,34701.34,34272.29,34308.08,34308.08,333290000
08-Apr-22,34569.24,34908.46,34470.19,34721.12,34721.12,301750000
07-Apr-22,34439.24,34705.83,34190.95,34583.57,34583.57,319870000
06-Apr-22,34520.34,34609.84,34277.17,34496.51,34496.51,386250000
05-Apr-22,34876.33,35112.21,34566.04,34641.18,34641.18,304010000
04-Apr-22,34799.98,34940.78,34615.38,34921.88,34921.88,316570000
01-Apr-22,34740.89,34847.91,34538.25,34818.27,34818.27,340400000
31-Mar-22,35201.52,35201.52,34677.99,34678.35,34678.35,433400000
30-Mar-22,35273.63,35361.36,35058.58,35228.81,35228.81,317320000
29-Mar-22,35114.35,35372.26,35030.07,35294.19,35294.19,355050000
28-Mar-22,34833.03,34957.93,34552.23,34955.89,34955.89,299790000
25-Mar-22,34702.39,34942.7,34631.52,34861.24,34861.24,285440000
24-Mar-22,34406.81,34713.56,34355.42,34707.94,34707.94,324870000
23-Mar-22,34748.84,34748.84,34352.96,34358.5,34358.5,347880000
22-Mar-22,34583.24,34882.03,34583.24,34807.46,34807.46,368550000
21-Mar-22,34669.85,34808.28,34341.81,34552.99,34552.99,408490000
18-Mar-22,34466.72,34755.2,34279.83,34754.93,34754.93,615420000
17-Mar-22,33995.39,34483.92,33896.06,34480.76,34480.76,339470000
16-Mar-22,33653.93,34075.94,33391.24,34063.1,34063.1,427400000
15-Mar-22,32989.27,33620.84,32989.27,33544.34,33544.34,388810000
14-Mar-22,33000.37,33395.59,32818.16,32945.24,32945.24,394940000
11-Mar-22,33279.72,33515.61,32911.89,32944.19,32944.19,369480000
10-Mar-22,33106.77,33236.59,32819.76,33174.07,33174.07,399480000
09-Mar-22,32860.42,33457.28,32860.42,33286.25,33286.25,418670000
08-Mar-22,32885.17,33402.98,32578.73,32632.64,32632.64,553750000
07-Mar-22,33579.75,33579.75,32806.15,32817.38,32817.38,488400000
04-Mar-22,33655.43,33655.43,33254.12,33614.8,33614.8,408390000
03-Mar-22,33972.87,34179.07,33641.53,33794.66,33794.66,369740000
02-Mar-22,33379.51,34013.67,33379.51,33891.35,33891.35,400920000
01-Mar-22,33813.48,33870.14,33107.67,33294.95,33294.95,438730000
28-Feb-22,33870.62,33963.63,33469.31,33892.6,33892.6,443460000
25-Feb-22,33277.22,34095.74,33277.22,34058.75,34058.75,417630000
24-Feb-22,32830.33,33269.34,32272.64,33223.83,33223.83,590850000
23-Feb-22,33680.97,33832.59,33084.9,33131.76,33131.76,370600000
22-Feb-22,33974.09,34024.74,33364.29,33596.61,33596.61,432090000
18-Feb-22,34310.45,34423.58,33976.18,34079.18,34079.18,414080000
17-Feb-22,34858.47,34858.47,34246.23,34312.03,34312.03,348720000
16-Feb-22,34951.83,35042.09,34642.64,34934.27,34934.27,294410000
15-Feb-22,34686.19,35047.79,34686.19,34988.84,34988.84,305670000
14-Feb-22,34694.5,34744.56,34304.28,34566.17,34566.17,370320000
11-Feb-22,35267.89,35431.15,34620.52,34738.06,34738.06,398860000
10-Feb-22,35630.81,35800.24,35100.72,35241.59,35241.59,411620000
09-Feb-22,35614.9,35824.28,35614.9,35768.06,35768.06,333610000
08-Feb-22,35160.68,35544.89,35090.42,35462.78,35462.78,319190000
07-Feb-22,35108.38,35325.01,34993.98,35091.13,35091.13,328910000
04-Feb-22,35095.74,35333.55,34799.08,35089.74,35089.74,349880000
03-Feb-22,35520.08,35535.94,35071.06,35111.16,35111.16,381020000
02-Feb-22,35378.19,35679.2,35290.12,35629.33,35629.33,359540000
01-Feb-22,35151.47,35441.09,34977.95,35405.24,35405.24,386080000
31-Jan-22,34691.17,35148.14,34496.1,35131.86,35131.86,468070000
28-Jan-22,34135.24,34731.77,33807.51,34725.47,34725.47,568440000
27-Jan-22,34261.75,34773.32,34007.78,34160.78,34160.78,527780000
26-Jan-22,34520.82,34815.67,33876.48,34168.09,34168.09,546330000
25-Jan-22,34186.64,34591.04,33545.52,34297.73,34297.73,506430000
24-Jan-22,34070.61,34420.99,33150.33,34364.5,34364.5,664010000
21-Jan-22,34701.69,34896.67,34229.55,34265.37,34265.37,523880000
20-Jan-22,35102.66,35490.2,34670.12,34715.39,34715.39,369070000
19-Jan-22,35412.3,35547.83,35015.49,35028.65,35028.65,393080000
18-Jan-22,35661.76,35661.76,35262.02,35368.47,35368.47,427260000
14-Jan-22,35996.43,35996.43,35641.49,35911.81,35911.81,389200000
13-Jan-22,36312.49,36513.88,36044.22,36113.62,36113.62,343640000
12-Jan-22,36336.16,36453.49,36168.15,36290.32,36290.32,310180000
11-Jan-22,36058.85,36271.47,35769.38,36252.02,36252.02,356850000
10-Jan-22,36175.21,36175.21,35639.91,36068.87,36068.87,430680000
07-Jan-22,36249.59,36382.84,36111.53,36231.66,36231.66,356110000
06-Jan-22,36409.05,36464.19,36200.68,36236.47,36236.47,385890000
05-Jan-22,36722.6,36952.65,36400.39,36407.11,36407.11,462040000
04-Jan-22,36636,36934.84,36636,36799.65,36799.65,435080000
03-Jan-22,36321.59,36595.82,36246.45,36585.06,36585.06,347930000
31-Dec-21,36385.85,36484.94,36303.97,36338.3,36338.3,213200000
30-Dec-21,36522.48,36679.44,36372.13,36398.08,36398.08,205620000
29-Dec-21,36421.14,36571.55,36396.19,36488.63,36488.63,213480000
28-Dec-21,36302.99,36527.26,36302.99,36398.21,36398.21,239090000
27-Dec-21,35954.48,36306.61,35954.48,36302.38,36302.38,244350000
23-Dec-21,35782.42,36060.99,35782.42,35950.56,35950.56,247420000
22-Dec-21,35491.71,35764.67,35433.13,35753.89,35753.89,281930000
21-Dec-21,35069.5,35508.96,35069.5,35492.7,35492.7,346080000
20-Dec-21,35222.12,35222.12,34665.5,34932.16,34932.16,386590000
17-Dec-21,35800.11,35800.11,35284.26,35365.44,35365.44,750480000
16-Dec-21,36036.28,36189.83,35778.21,35897.64,35897.64,473620000
15-Dec-21,35549.35,35943.84,35389.3,35927.43,35927.43,424720000
14-Dec-21,35605.73,35779.47,35441.74,35544.18,35544.18,440900000
13-Dec-21,35958.93,35958.93,35609.53,35650.95,35650.95,441110000
10-Dec-21,35830.55,35982.69,35710.43,35970.99,35970.99,361200000
09-Dec-21,35722.26,35864.24,35577.14,35754.69,35754.69,353020000
08-Dec-21,35716.85,35840.52,35602.65,35754.75,35754.75,387650000
07-Dec-21,35423.99,35819.47,35423.99,35719.43,35719.43,474940000
06-Dec-21,34633.43,35356.75,34633.43,35227.03,35227.03,416720000
03-Dec-21,34692.78,34801.31,34264.57,34580.08,34580.08,439550000
02-Dec-21,34076.25,34759.65,34076.25,34639.79,34639.79,466900000
01-Dec-21,34678.94,35004.64,34006.98,34022.04,34022.04,496000000
30-Nov-21,35056.99,35056.99,34424.44,34483.72,34483.72,678800000
29-Nov-21,35017.71,35287.91,34895.89,35135.94,35135.94,416040000
26-Nov-21,35366.69,35366.69,34749.8,34899.34,34899.34,324580000
24-Nov-21,35752.31,35825.47,35591.03,35804.38,35804.38,280960000
23-Nov-21,35619.92,35841.52,35542.87,35813.8,35813.8,392520000
22-Nov-21,35631.41,35929.66,35615.55,35619.25,35619.25,420810000
19-Nov-21,35879.09,35879.09,35555.37,35601.98,35601.98,408840000
18-Nov-21,35901.69,35952.63,35654.39,35870.95,35870.95,435080000
17-Nov-21,36159.7,36159.7,35909.48,35931.05,35931.05,358310000
16-Nov-21,36076.18,36316.61,36076.18,36142.22,36142.22,308290000
15-Nov-21,36128.83,36236.07,36031.78,36087.45,36087.45,280660000
12-Nov-21,35963.78,36147.63,35934.59,36100.31,36100.31,293180000
11-Nov-21,36038.78,36108.17,35915.27,35921.23,35921.23,270320000
10-Nov-21,36299.25,36346.61,36009.5,36079.94,36079.94,278390000
09-Nov-21,36404.53,36416.98,36173.07,36319.98,36319.98,258020000
08-Nov-21,36416.46,36565.73,36334.42,36432.22,36432.22,284400000
05-Nov-21,36268.75,36484.75,36190.2,36327.95,36327.95,344600000
04-Nov-21,36107.46,36168.03,35986.48,36124.23,36124.23,307640000
03-Nov-21,36059.09,36178.51,35891.73,36157.58,36157.58,262540000
02-Nov-21,35935.11,36088.81,35884.13,36052.63,36052.63,304510000
01-Nov-21,35833.65,36009.74,35797.97,35913.84,35913.84,292880000
29-Oct-21,35712.28,35852.53,35633.2,35819.56,35819.56,399400000
28-Oct-21,35545.41,35742.25,35545.41,35730.48,35730.48,337400000
27-Oct-21,35835.43,35835.43,35490.43,35490.69,35490.69,354180000
26-Oct-21,35791.05,35892.92,35734.73,35756.88,35756.88,321910000
25-Oct-21,35692.62,35787.04,35629.37,35741.15,35741.15,267220000
22-Oct-21,35607.72,35765.02,35533.95,35677.02,35677.02,346290000
21-Oct-21,35520.32,35612.36,35442.53,35603.08,35603.08,298390000
20-Oct-21,35475.16,35669.69,35465.71,35609.34,35609.34,265750000
19-Oct-21,35325.37,35462.68,35290.12,35457.31,35457.31,278510000
18-Oct-21,35221.02,35327.57,35035.94,35258.61,35258.61,312640000
15-Oct-21,35023.63,35320.97,35023.63,35294.76,35294.76,327870000
14-Oct-21,34443.22,34923.83,34443.22,34912.56,34912.56,338540000
13-Oct-21,34372.71,34449.83,34115.1,34377.81,34377.81,316220000
12-Oct-21,34507.15,34611.24,34318.94,34378.34,34378.34,319010000
11-Oct-21,34723.79,34951.35,34486.51,34496.06,34496.06,256820000
08-Oct-21,34757.57,34842.62,34661.95,34746.25,34746.25,238080000
07-Oct-21,34509.72,34975.19,34509.72,34754.94,34754.94,273290000
06-Oct-21,34198.96,34432.68,33854.69,34416.99,34416.99,322170000
05-Oct-21,34035.25,34490.95,34035.25,34314.67,34314.67,311520000
04-Oct-21,34312.96,34410.28,33821.58,34002.92,34002.92,396860000
01-Oct-21,33930.7,34490.56,33785.54,34326.46,34326.46,427580000
30-Sep-21,34467.98,34557.37,33833.32,33843.92,33843.92,354830000
29-Sep-21,34360.08,34580.42,34305.96,34390.72,34390.72,290350000
28-Sep-21,34747.7,34798.21,34254.65,34299.99,34299.99,379020000
27-Sep-21,34739.27,35061.12,34739.27,34869.37,34869.37,289480000
24-Sep-21,34762.31,34857.06,34648.08,34798,34798,254310000
23-Sep-21,34296.3,34879.78,34296.3,34764.82,34764.82,283890000
22-Sep-21,34006.87,34440.42,34006.87,34258.32,34258.32,296590000
21-Sep-21,34025.61,34313.88,33914.02,33919.84,33919.84,306970000
20-Sep-21,34459.72,34459.72,33613.03,33970.47,33970.47,435780000
17-Sep-21,34737.86,34779.86,34519.63,34584.88,34584.88,560630000
16-Sep-21,34810.27,34943.55,34540.11,34751.32,34751.32,278270000
15-Sep-21,34580.95,34880.77,34522.03,34814.39,34814.39,317490000
14-Sep-21,34906.9,34990.36,34510.3,34577.57,34577.57,325140000
13-Sep-21,34665.5,34939.1,34665.5,34869.63,34869.63,334190000
10-Sep-21,34949.59,35104.25,34599.61,34607.72,34607.72,333230000
09-Sep-21,35013.08,35199.89,34847.3,34879.38,34879.38,261330000
08-Sep-21,35087.45,35175.15,34925.61,35031.07,35031.07,261880000
07-Sep-21,35373.24,35373.24,35060.9,35100,35100,289830000
03-Sep-21,35401.73,35422.71,35269.4,35369.09,35369.09,221370000
02-Sep-21,35353.06,35475.4,35348.48,35443.82,35443.82,263370000
01-Sep-21,35387.55,35407.37,35287.05,35312.53,35312.53,265520000
31-Aug-21,35391.38,35449.79,35289.86,35360.73,35360.73,337240000
30-Aug-21,35471.8,35510.71,35374.46,35399.84,35399.84,245390000
27-Aug-21,35231.11,35479.18,35231.11,35455.8,35455.8,240990000
26-Aug-21,35449.68,35498.45,35205.1,35213.12,35213.12,239740000
25-Aug-21,35388.77,35501.14,35287.63,35405.5,35405.5,237230000
24-Aug-21,35382.72,35445.47,35356.18,35366.26,35366.26,228710000
23-Aug-21,35160.97,35428.91,35160.97,35335.71,35335.71,245760000
20-Aug-21,34917.96,35177.26,34867.07,35120.08,35120.08,269320000
19-Aug-21,34874.67,34997.81,34690.25,34894.12,34894.12,333550000
18-Aug-21,35310.2,35356.8,34943.41,34960.69,34960.69,289800000
17-Aug-21,35500.01,35500.01,35120.31,35343.28,35343.28,309410000
16-Aug-21,35490.83,35631.19,35231.87,35625.4,35625.4,292590000
13-Aug-21,35551.56,35610.57,35474.78,35515.38,35515.38,236790000
12-Aug-21,35481.94,35510.77,35352.53,35499.85,35499.85,231600000
11-Aug-21,35300.89,35501.16,35300.89,35484.97,35484.97,232800000
10-Aug-21,35135.17,35285.16,35091.91,35264.67,35264.67,255040000
09-Aug-21,35229.67,35229.67,35041.24,35101.85,35101.85,207850000
06-Aug-21,35077.44,35246.79,35077.44,35208.51,35208.51,231570000
05-Aug-21,34815.61,35067.54,34815.61,35064.25,35064.25,216580000
04-Aug-21,35047.44,35047.44,34790.62,34792.67,34792.67,245300000
03-Aug-21,34864.1,35120.94,34714.33,35116.4,35116.4,259820000
02-Aug-21,34968.56,35192.11,34808.2,34838.16,34838.16,238620000
30-Jul-21,35013.26,35106.3,34871.13,34935.47,34935.47,276410000
29-Jul-21,34985.99,35171.52,34985.99,35084.53,35084.53,222680000
28-Jul-21,35109.95,35116.37,34876.84,34930.93,34930.93,347170000
27-Jul-21,35078.9,35078.9,34878.07,35058.52,35058.52,326610000
26-Jul-21,35055.86,35150.37,34950.19,35144.31,35144.31,259790000
23-Jul-21,34855.11,35095.33,34855.11,35061.55,35061.55,314040000
22-Jul-21,34799.68,34879.28,34673.03,34823.35,34823.35,291610000
21-Jul-21,34556.96,34820.24,34556.96,34798,34798,317090000
20-Jul-21,33981.79,34621.79,33981.79,34511.99,34511.99,387020000
19-Jul-21,34528.48,34528.48,33741.76,33962.04,33962.04,440440000
16-Jul-21,35007.94,35090.01,34647.82,34687.85,34687.85,322980000
15-Jul-21,34924.81,34990.41,34762.87,34987.02,34987.02,320450000
14-Jul-21,34920.83,35069.18,34826.87,34933.23,34933.23,344340000
13-Jul-21,34959.96,35018.79,34876.89,34888.79,34888.79,322430000
12-Jul-21,34836.75,35014.9,34730.15,34996.18,34996.18,294800000
09-Jul-21,34457.51,34893.72,34457.51,34870.16,34870.16,301750000
08-Jul-21,34569.01,34569.01,34145.59,34421.93,34421.93,335690000
07-Jul-21,34604.17,34708.78,34435.59,34681.79,34681.79,302700000
06-Jul-21,34790.16,34814.2,34358.42,34577.37,34577.37,348430000
02-Jul-21,34642.42,34821.93,34613.49,34786.35,34786.35,301860000
01-Jul-21,34507.32,34640.28,34498.85,34633.53,34633.53,268280000
30-Jun-21,34290.74,34553.16,34245.48,34502.51,34502.51,295560000
29-Jun-21,34338.89,34469.83,34266.83,34292.29,34292.29,282360000
28-Jun-21,34428.1,34449.65,34186.13,34283.27,34283.27,280280000
25-Jun-21,34328.1,34501.02,34314.8,34433.84,34433.84,432550000
24-Jun-21,33933.91,34233.02,33933.91,34196.82,34196.82,275870000
23-Jun-21,33948.54,34009.4,33869.83,33874.24,33874.24,255280000
22-Jun-21,33872.56,34040.7,33751.06,33945.58,33945.58,284130000
21-Jun-21,33312.07,33908.09,33312.07,33876.97,33876.97,317260000
18-Jun-21,33622.7,33622.7,33271.93,33290.08,33290.08,563920000
17-Jun-21,34014.38,34091.79,33626.61,33823.45,33823.45,354690000
16-Jun-21,34308.48,34333.25,33917.11,34033.67,34033.67,347150000
15-Jun-21,34397.1,34420.38,34199.16,34299.33,34299.33,272430000
14-Jun-21,34472.52,34472.52,34211.54,34393.75,34393.75,295530000
11-Jun-21,34499.81,34618.09,34328.65,34479.6,34479.6,260840000
10-Jun-21,34502.51,34737.79,34447.25,34466.24,34466.24,309310000
09-Jun-21,34626.16,34654.67,34439.37,34447.14,34447.14,245100000
08-Jun-21,34645.84,34665.38,34452.94,34599.82,34599.82,289440000
07-Jun-21,34766.2,34820.91,34574.51,34630.24,34630.24,259120000
04-Jun-21,34618.69,34772.12,34618.69,34756.39,34756.39,270050000
03-Jun-21,34550.31,34667.41,34334.41,34577.04,34577.04,297380000
02-Jun-21,34614.62,34706.65,34545.96,34600.38,34600.38,263810000
01-Jun-21,34584.19,34849.32,34542.87,34575.31,34575.31,287700000
28-May-21,34558.5,34631.11,34520.09,34529.45,34529.45,290850000
27-May-21,34432.47,34608.82,34389.24,34464.64,34464.64,520630000
26-May-21,34336.34,34409.59,34271.44,34323.05,34323.05,258780000
25-May-21,34428.66,34511.35,34266.03,34312.46,34312.46,285760000
24-May-21,34253.87,34472.51,34253.87,34393.98,34393.98,251010000
21-May-21,34121.91,34415.48,34121.91,34207.84,34207.84,306360000
20-May-21,33906.3,34233.4,33872.41,34084.15,34084.15,320150000
19-May-21,33945.81,33945.81,33473.8,33896.04,33896.04,348480000
18-May-21,34351.18,34408.99,34044.1,34060.66,34060.66,289590000
17-May-21,34375.29,34383.84,34176.65,34327.79,34327.79,291910000
14-May-21,34050.86,34454.05,34050.86,34382.13,34382.13,303230000
13-May-21,33624.74,34181.77,33623.49,34021.45,34021.45,350820000
12-May-21,34206.4,34207.87,33555.22,33587.66,33587.66,381350000
11-May-21,34572.74,34572.74,34075.31,34269.16,34269.16,413180000
10-May-21,34785.27,35091.56,34741.57,34742.82,34742.82,361620000
07-May-21,34578.27,34811.39,34464.31,34777.76,34777.76,303400000
06-May-21,34245.11,34561.29,34185.06,34548.53,34548.53,315430000
05-May-21,34163.99,34331.2,34039.66,34230.34,34230.34,253180000
04-May-21,34080.2,34147.78,33765.68,34133.03,34133.03,407860000
03-May-21,33904.89,34221.06,33904.89,34113.23,34113.23,289770000
30-Apr-21,33988.75,33988.75,33784.96,33874.85,33874.85,374890000
29-Apr-21,33855.64,34087.21,33744.28,34060.36,34060.36,408450000
28-Apr-21,33860.46,33946.6,33805.56,33820.38,33820.38,335820000
27-Apr-21,33932.13,34043.98,33870.46,33984.93,33984.93,289030000
26-Apr-21,34044.23,34148.94,33941.37,33981.57,33981.57,279300000
23-Apr-21,33804.52,34157.57,33713.29,34043.49,34043.49,346380000
22-Apr-21,34109.88,34126.57,33717.19,33815.9,33815.9,344470000
21-Apr-21,33808.3,34160.34,33773.8,34137.31,34137.31,290300000
20-Apr-21,34034.18,34034.18,33687.01,33821.3,33821.3,350960000
19-Apr-21,34182.38,34182.38,33980.56,34077.63,34077.63,312540000
16-Apr-21,34058.16,34256.75,34058.16,34200.67,34200.67,343760000
15-Apr-21,33788.53,34068.73,33788.53,34035.99,34035.99,319680000
14-Apr-21,33668.95,33911.25,33668.95,33730.89,33730.89,315330000
13-Apr-21,33721.16,33741.64,33545.84,33677.27,33677.27,324480000
12-Apr-21,33775.06,33786.19,33665.54,33745.4,33745.4,327370000
09-Apr-21,33526.19,33810.87,33526.19,33800.6,33800.6,316410000
08-Apr-21,33469.89,33506.8,33342.64,33503.57,33503.57,304040000
07-Apr-21,33444.98,33521.76,33347.96,33446.26,33446.26,273440000
06-Apr-21,33500.02,33544.79,33380.43,33430.24,33430.24,297940000
05-Apr-21,33222.38,33617.95,33222.38,33527.19,33527.19,344270000
01-Apr-21,33054.58,33167.17,32985.35,33153.21,33153.21,311880000
31-Mar-21,33116.04,33173.77,32980.57,32981.55,32981.55,414140000
30-Mar-21,33127.88,33170.93,32988.92,33066.96,33066.96,307510000
29-Mar-21,33087.55,33259,32905.13,33171.37,33171.37,351610000
26-Mar-21,32681.07,33098.83,32681.07,33072.88,33072.88,382170000
25-Mar-21,32346.81,32672.69,32071.41,32619.48,32619.48,411990000
24-Mar-21,32470.88,32787.99,32418.15,32420.06,32420.06,399390000
23-Mar-21,32691.5,32753.77,32356.28,32423.15,32423.15,385840000
22-Mar-21,32601.82,32810.35,32512.53,32731.2,32731.2,383500000
19-Mar-21,32858.36,32858.36,32505.07,32627.97,32627.97,811890000
18-Mar-21,32928.16,33227.78,32831.25,32862.3,32862.3,418480000
17-Mar-21,32825.52,33047.58,32782.18,33015.37,33015.37,391200000
16-Mar-21,32966.75,32966.75,32778.23,32825.95,32825.95,386370000
15-Mar-21,32798.84,32973.4,32629.75,32953.46,32953.46,360080000
12-Mar-21,32462.4,32793.32,32462.4,32778.64,32778.64,346400000
11-Mar-21,32354.5,32661.59,32345.7,32485.59,32485.59,400020000
10-Mar-21,31906.96,32389.5,31906.96,32297.02,32297.02,409110000
09-Mar-21,31892.35,32150.32,31822.64,31832.74,31832.74,458690000
08-Mar-21,31512.15,32148.04,31512.15,31802.44,31802.44,496980000
05-Mar-21,31029.18,31580.33,30766.81,31496.3,31496.3,501810000
04-Mar-21,31289.01,31461.97,30547.53,30924.14,30924.14,537850000
03-Mar-21,31352.96,31563.31,31260.14,31270.09,31270.09,409660000
02-Mar-21,31535.37,31623.27,31377.16,31391.52,31391.52,337270000
01-Mar-21,31065.9,31668.34,31065.9,31535.51,31535.51,385670000
26-Feb-21,31401.29,31450.89,30911.37,30932.37,30932.37,532250000
25-Feb-21,31955.94,31984.77,31293.32,31402.01,31402.01,454110000
24-Feb-21,31499.75,32009.64,31421.29,31961.86,31961.86,410150000
23-Feb-21,31501.89,31653.38,31158.76,31537.35,31537.35,460410000
22-Feb-21,31381.12,31653.48,31286.57,31521.69,31521.69,387210000
19-Feb-21,31504.13,31647.53,31469.34,31494.32,31494.32,353070000
18-Feb-21,31558.6,31558.6,31285.32,31493.34,31493.34,325990000
17-Feb-21,31485.61,31643.7,31338.76,31613.02,31613.02,343510000
16-Feb-21,31472.08,31608.63,31443.48,31522.75,31522.75,329210000
12-Feb-21,31420.8,31475.31,31347.8,31458.4,31458.4,263090000
11-Feb-21,31466.49,31543.82,31244.36,31430.7,31430.7,280320000
10-Feb-21,31428.02,31511.44,31221.32,31437.8,31437.8,326450000
09-Feb-21,31359.88,31439.47,31245.86,31375.83,31375.83,308210000
08-Feb-21,31191.2,31386.1,31191.2,31385.76,31385.76,322250000
05-Feb-21,31093.81,31252.18,31083.22,31148.24,31148.24,293550000
04-Feb-21,30737.78,31065.96,30737.78,31055.86,31055.86,338330000
03-Feb-21,30689.65,30793.41,30521.31,30723.6,30723.6,305590000
02-Feb-21,30276.88,30840.54,30276.88,30687.48,30687.48,333160000
01-Feb-21,30054.73,30335.91,30014.97,30211.91,30211.91,347060000
29-Jan-21,30553.91,30553.91,29856.3,29982.62,29982.62,536320000
28-Jan-21,30377.19,30951.41,30377.19,30603.36,30603.36,465140000
27-Jan-21,30893.78,30893.78,30206.91,30303.17,30303.17,566470000
26-Jan-21,30968.55,31121.42,30921.71,30937.04,30937.04,373150000
25-Jan-21,30989.85,30989.85,30564.06,30960,30960,472890000
22-Jan-21,31141.56,31141.56,30908.47,30996.98,30996.98,436040000
21-Jan-21,31198.01,31272.22,31120.92,31176.01,31176.01,418780000
20-Jan-21,31017.54,31235.98,30997.79,31188.38,31188.38,384980000
19-Jan-21,30887.42,31086.62,30865.03,30930.52,30930.52,386400000
15-Jan-21,30926.77,30941.98,30612.67,30814.26,30814.26,433000000
14-Jan-21,31085.67,31223.78,30982.24,30991.52,30991.52,427810000
13-Jan-21,31084.88,31153.37,30992.05,31060.47,31060.47,413250000
12-Jan-21,31015.01,31114.56,30888.76,31068.69,31068.69,362620000
11-Jan-21,31015.37,31096.98,30832.06,31008.69,31008.69,356540000
08-Jan-21,31069.58,31140.67,30793.27,31097.97,31097.97,381150000
07-Jan-21,30901.18,31193.4,30897.86,31041.13,31041.13,427810000
06-Jan-21,30362.78,31022.65,30313.07,30829.4,30829.4,500430000
05-Jan-21,30204.25,30504.89,30141.78,30391.6,30391.6,350910000
04-Jan-21,30627.47,30674.28,29881.82,30223.89,30223.89,475080000
31-Dec-20,30417.64,30637.47,30344.5,30606.48,30606.48,284470000
30-Dec-20,30415.09,30525.35,30393.04,30409.56,30409.56,291890000
29-Dec-20,30492.07,30588.79,30274.24,30335.67,30335.67,357610000
28-Dec-20,30283.23,30525.56,30283.23,30403.97,30403.97,302490000
24-Dec-20,30155.92,30209.67,30099.3,30199.87,30199.87,145570000
23-Dec-20,30046.73,30292.53,30046.73,30129.83,30129.83,274050000
22-Dec-20,30200.2,30200.2,29992.89,30015.51,30015.51,388810000
21-Dec-20,30159,30304.14,29755.53,30216.45,30216.45,437480000
18-Dec-20,30314.26,30343.59,30029.44,30179.05,30179.05,782070000
17-Dec-20,30216,30323.78,30216,30303.37,30303.37,345530000
16-Dec-20,30191.38,30236.03,30080.11,30154.54,30154.54,344590000
15-Dec-20,29919.09,30243.26,29894.95,30199.31,30199.31,417770000
14-Dec-20,30123.91,30325.79,29849.15,29861.55,29861.55,371980000
11-Dec-20,29988.21,30071.13,29820.84,30046.37,30046.37,393870000
10-Dec-20,30032.55,30063.87,29876.82,29999.26,29999.26,325550000
09-Dec-20,30229.81,30319.7,29951.85,30068.81,30068.81,380520000
08-Dec-20,29997.95,30246.22,29972.07,30173.88,30173.88,311190000
07-Dec-20,30233.03,30233.03,29967.22,30069.79,30069.79,365810000
04-Dec-20,29989.56,30218.26,29989.56,30218.26,30218.26,356590000
03-Dec-20,29920.83,30110.88,29877.27,29969.52,29969.52,405680000
02-Dec-20,29695.09,29902.51,29599.29,29883.79,29883.79,385280000
01-Dec-20,29797.5,30083.31,29797.5,29823.92,29823.92,429510000
30-Nov-20,29854.51,29854.51,29463.64,29638.64,29638.64,551350000
27-Nov-20,29911.33,30015.13,29819.98,29910.37,29910.37,177040000
25-Nov-20,30058.87,30058.87,29806.25,29872.47,29872.47,323030000
24-Nov-20,29746.11,30116.51,29746.11,30046.24,30046.24,432760000
23-Nov-20,29332.82,29667.75,29332.82,29591.27,29591.27,387200000
20-Nov-20,29437.57,29469.89,29231.2,29263.48,29263.48,305350000
19-Nov-20,29370.92,29524.9,29228.38,29483.23,29483.23,331330000
18-Nov-20,29875.4,29930.85,29432.84,29438.42,29438.42,382850000
17-Nov-20,29800.15,29872.42,29520.29,29783.35,29783.35,372380000
16-Nov-20,29672.36,29964.29,29672.36,29950.44,29950.44,418290000
13-Nov-20,29203.9,29559.25,29203.9,29479.81,29479.81,348810000
12-Nov-20,29231.91,29311.83,28902.13,29080.17,29080.17,369320000
11-Nov-20,29524.35,29593.11,29281.22,29397.63,29397.63,376700000
10-Nov-20,29254.17,29478.86,29126.99,29420.92,29420.92,526980000
09-Nov-20,29467.9,29933.83,29130.66,29157.97,29157.97,673310000
06-Nov-20,28399.13,28431.96,28189.5,28323.4,28323.4,326710000
05-Nov-20,28083.37,28495.05,28083.37,28390.18,28390.18,390140000
04-Nov-20,27512.83,28301.5,27512.83,27847.66,27847.66,447860000
03-Nov-20,27138.69,27640.21,27138.69,27480.03,27480.03,350980000
02-Nov-20,26691.28,27043.48,26691.28,26925.05,26925.05,379990000
30-Oct-20,26572.27,26639.18,26143.77,26501.6,26501.6,504820000
29-Oct-20,26480.98,26891.89,26290.78,26659.11,26659.11,419770000
28-Oct-20,27102.14,27102.14,26497.39,26519.95,26519.95,496150000
27-Oct-20,27651.18,27707.69,27457.96,27463.19,27463.19,366400000
26-Oct-20,28185.82,28185.82,27370.16,27685.38,27685.38,404150000
23-Oct-20,28409.65,28436.52,28149.82,28335.57,28335.57,347300000
22-Oct-20,28197.42,28421.31,28040.18,28363.66,28363.66,330320000
21-Oct-20,28270.66,28450.64,28196.39,28210.82,28210.82,299420000
20-Oct-20,28245.85,28575.03,28243.04,28308.79,28308.79,350220000
19-Oct-20,28633.55,28711.93,28139.4,28195.42,28195.42,358700000
16-Oct-20,28570.72,28842.9,28570.72,28606.31,28606.31,356140000
15-Oct-20,28323.4,28535.85,28181.54,28494.2,28494.2,328940000
14-Oct-20,28731.3,28792.56,28461.73,28514,28514,370800000
13-Oct-20,28764.95,28808.84,28604.35,28679.81,28679.81,526110000
12-Oct-20,28671.12,28957.9,28659.67,28837.52,28837.52,493680000
09-Oct-20,28533.61,28676.29,28440.63,28586.9,28586.9,324050000
08-Oct-20,28348.86,28459.13,28265.56,28425.51,28425.51,314750000
07-Oct-20,27971.36,28369.66,27971.36,28303.46,28303.46,328750000
06-Oct-20,28214.24,28354.48,27728.03,27772.76,27772.76,435030000
05-Oct-20,27825.42,28162.64,27825.42,28148.64,28148.64,318210000
02-Oct-20,27536.39,27861.43,27382.94,27682.81,27682.81,392770000
01-Oct-20,27940.63,28041.46,27669.26,27816.9,27816.9,373450000
30-Sep-20,27514.64,28026.33,27511.06,27781.7,27781.7,452550000
29-Sep-20,27560.24,27605.6,27338.09,27452.66,27452.66,303820000
28-Sep-20,27362.14,27722.6,27362.14,27584.06,27584.06,401860000
25-Sep-20,26694.51,27239.29,26635.38,27173.96,27173.96,388900000
24-Sep-20,26716.09,27094.85,26537.01,26815.44,26815.44,447810000
23-Sep-20,27413.6,27464.46,26716.12,26763.13,26763.13,459470000
22-Sep-20,27170.34,27333.09,26989.93,27288.18,27288.18,420720000
21-Sep-20,27484.71,27484.71,26715.15,27147.7,27147.7,523660000
18-Sep-20,27864.87,27946.69,27487.97,27657.42,27657.42,698710000
17-Sep-20,27834.18,28056.79,27647.93,27901.98,27901.98,437230000
16-Sep-20,28031.69,28364.77,28021.67,28032.38,28032.38,416650000
15-Sep-20,28139.76,28231.06,27931.45,27995.6,27995.6,414520000
14-Sep-20,27718.74,28086.06,27718.74,27993.33,27993.33,380750000
11-Sep-20,27613.86,27828.82,27448.15,27665.64,27665.64,435330000
10-Sep-20,28022.51,28174.78,27447.08,27534.58,27534.58,442850000
09-Sep-20,27711.71,28206.21,27704.54,27940.47,27940.47,460590000
08-Sep-20,27925.23,27925.23,27464.9,27500.89,27500.89,580860000
04-Sep-20,28341.05,28539.75,27664.68,28133.31,28133.31,694640000
03-Sep-20,29090.7,29199.35,28074.76,28292.73,28292.73,650080000
02-Sep-20,28736.79,29162.88,28713.53,29100.5,29100.5,539510000
01-Sep-20,28439.61,28659.26,28290.72,28645.66,28645.66,423410000
31-Aug-20,28643.66,28643.66,28363.55,28430.05,28430.05,517320000
28-Aug-20,28601.29,28733.35,28487.98,28653.87,28653.87,369740000
27-Aug-20,28384.07,28634.22,28363.93,28492.27,28492.27,404340000
26-Aug-20,28257.88,28353.8,28153.91,28331.92,28331.92,327070000
25-Aug-20,28347.42,28400.74,28094.57,28248.44,28248.44,338420000
24-Aug-20,28077.58,28314.94,28041.75,28308.46,28308.46,383880000
21-Aug-20,27758.13,27959.48,27686.78,27930.33,27930.33,372720000
20-Aug-20,27622.68,27781.46,27526.25,27739.73,27739.73,304550000
19-Aug-20,27811.26,27920.42,27647.67,27692.88,27692.88,311460000
18-Aug-20,27853.48,27891.12,27668.79,27778.07,27778.07,276170000
17-Aug-20,27970.05,27999.81,27816.4,27844.91,27844.91,286860000
14-Aug-20,27828.93,27977.81,27759.39,27931.02,27931.02,275540000
13-Aug-20,27922.51,27986.1,27789.78,27896.72,27896.72,360160000
12-Aug-20,27860.24,28043.89,27843.32,27976.84,27976.84,340210000
11-Aug-20,27961.64,28154.88,27624.51,27686.91,27686.91,428220000
10-Aug-20,27488.21,27803.86,27488.21,27791.44,27791.44,360340000
07-Aug-20,27321.68,27456.24,27223.55,27433.48,27433.48,321170000
06-Aug-20,27170.82,27394.1,27145.25,27386.98,27386.98,322460000
05-Aug-20,26924.78,27221.67,26924.78,27201.52,27201.52,366000000
04-Aug-20,26664.61,26832.72,26597.82,26828.47,26828.47,346350000
03-Aug-20,26542.32,26707.26,26534.38,26664.4,26664.4,439380000
31-Jul-20,26409.33,26440.02,26013.59,26428.32,26428.32,488050000
30-Jul-20,26367.42,26374.93,25992.28,26313.65,26313.65,351540000
29-Jul-20,26388.44,26602.45,26375.39,26539.57,26539.57,347580000
28-Jul-20,26529.45,26556.84,26361.71,26379.28,26379.28,361090000
27-Jul-20,26447.67,26625.46,26426.92,26584.77,26584.77,400930000
24-Jul-20,26533.41,26625.7,26402.86,26469.89,26469.89,494170000
23-Jul-20,26955.97,26973.85,26560.04,26652.33,26652.33,419800000
22-Jul-20,26824.56,27035.24,26794.19,27005.84,27005.84,404340000
21-Jul-20,26833.14,27025.38,26766.22,26840.4,26840.4,364930000
20-Jul-20,26660.29,26765.02,26504.2,26680.87,26680.87,309390000
17-Jul-20,26774.62,26808.43,26619.88,26671.95,26671.95,296460000
16-Jul-20,26746.57,26879.16,26590.01,26734.71,26734.71,287330000
15-Jul-20,27009.81,27071.33,26692.48,26870.1,26870.1,384900000
14-Jul-20,26044.17,26690.52,25994.98,26642.59,26642.59,401640000
13-Jul-20,26225.07,26639.09,26044.23,26085.8,26085.8,425320000
10-Jul-20,25690.35,26101.32,25637.5,26075.3,26075.3,338170000
09-Jul-20,26094.92,26103.28,25523.51,25706.09,25706.09,387610000
08-Jul-20,25950.06,26109.49,25816.25,26067.28,26067.28,337300000
07-Jul-20,26172.01,26174.93,25866.58,25890.18,25890.18,346820000
06-Jul-20,25996.08,26297.53,25996.08,26287.03,26287.03,340690000
02-Jul-20,25936.45,26204.41,25778.12,25827.36,25827.36,349130000
01-Jul-20,25879.38,26019.31,25713.61,25734.97,25734.97,373180000
30-Jun-20,25512.43,25905.38,25475.14,25812.88,25812.88,410780000
29-Jun-20,25152.45,25601.15,25096.16,25595.8,25595.8,378070000
26-Jun-20,25641.69,25641.69,24971.03,25015.55,25015.55,640860000
25-Jun-20,25365.22,25769.61,25209.79,25745.6,25745.6,384560000
24-Jun-20,25992.96,25992.96,25296.73,25445.94,25445.94,450120000
23-Jun-20,26159.39,26314.97,26105.97,26156.1,26156.1,389980000
22-Jun-20,25865.08,26059.81,25667.68,26024.96,26024.96,351780000
19-Jun-20,26213.1,26451.44,25759.66,25871.46,25871.46,669390000
18-Jun-20,26016.45,26154.2,25848.53,26080.1,26080.1,328390000
17-Jun-20,26330.52,26400.07,26068.41,26119.61,26119.61,328830000
16-Jun-20,26326.68,26611.03,25811.7,26289.98,26289.98,489500000
15-Jun-20,25270.39,25891.58,24843.18,25763.16,25763.16,461230000
12-Jun-20,25659.42,25965.55,25078.41,25605.54,25605.54,514440000
11-Jun-20,26282.51,26294.08,25082.72,25128.17,25128.17,647780000
10-Jun-20,27251.89,27355.22,26938.05,26989.99,26989.99,448930000
09-Jun-20,27447.37,27447.37,27151.06,27272.3,27272.3,381430000
08-Jun-20,27232.93,27580.21,27232.48,27572.44,27572.44,430200000
05-Jun-20,26836.8,27338.3,26836.8,27110.98,27110.98,542310000
04-Jun-20,26226.49,26384.1,26082.31,26281.82,26281.82,372190000
03-Jun-20,25906.88,26337.75,25906.88,26269.89,26269.89,398790000
02-Jun-20,25582.52,25743.13,25523.74,25742.65,25742.65,352610000
01-Jun-20,25342.99,25508.83,25220.66,25475.02,25475.02,338310000
29-May-20,25324.15,25482.8,25031.67,25383.11,25383.11,527620000
28-May-20,25697.36,25758.79,25358.73,25400.64,25400.64,377800000
27-May-20,25298.63,25551.56,25009.87,25548.27,25548.27,411230000
26-May-20,24781.84,25176.42,24781.84,24995.11,24995.11,424380000
22-May-20,24461.98,24481.64,24294.07,24465.16,24465.16,255660000
21-May-20,24564.27,24718.46,24370.88,24474.12,24474.12,346770000
20-May-20,24455.94,24649.48,24455.94,24575.9,24575.9,366510000
19-May-20,24577.48,24599.5,24202.96,24206.86,24206.86,374100000
18-May-20,24059.98,24708.54,24059.98,24597.37,24597.37,484190000
15-May-20,23454.83,23730.08,23354.15,23685.42,23685.42,491510000
14-May-20,23049.06,23630.86,22789.62,23625.34,23625.34,472700000
13-May-20,23702.16,23708.9,23067.64,23247.97,23247.97,469950000
12-May-20,24292.84,24382.09,23761.58,23764.78,23764.78,359480000
11-May-20,24256.45,24366.21,24070.22,24221.99,24221.99,352400000
08-May-20,24107.82,24349.9,24107.05,24331.32,24331.32,335760000
07-May-20,23837.21,24094.62,23834.39,23875.89,23875.89,369890000
06-May-20,23978.88,24054.59,23661.14,23664.64,23664.64,377450000
05-May-20,23958.88,24169.72,23868.91,23883.09,23883.09,369710000
04-May-20,23581.55,23769.56,23361.16,23749.76,23749.76,355360000
01-May-20,24120.78,24120.78,23645.3,23723.69,23723.69,418160000
30-Apr-20,24585.57,24585.57,24186.9,24345.72,24345.72,487840000
29-Apr-20,24490.37,24764.77,24453.99,24633.86,24633.86,455290000
28-Apr-20,24357.17,24512.24,24031.2,24101.55,24101.55,400250000
27-Apr-20,23866.15,24207.65,23840.61,24133.78,24133.78,389390000
24-Apr-20,23628.24,23826,23417.68,23775.27,23775.27,376020000
23-Apr-20,23543.09,23885.36,23483.35,23515.26,23515.26,389290000
22-Apr-20,23437.34,23613.1,23339.6,23475.82,23475.82,352880000
21-Apr-20,23365.25,23365.25,22941.88,23018.88,23018.88,485140000
20-Apr-20,24095.1,24108.69,23627.19,23650.44,23650.44,423410000
17-Apr-20,23817.15,24264.21,23817.15,24242.49,24242.49,525950000
16-Apr-20,23543.66,23598.08,23211.38,23537.68,23537.68,471050000
15-Apr-20,23600.72,23649.72,23233.32,23504.35,23504.35,437630000
14-Apr-20,23690.57,24040.58,23683.44,23949.76,23949.76,485910000
13-Apr-20,23698.93,23698.93,23095.35,23390.77,23390.77,394320000
09-Apr-20,23690.66,24008.99,23504.09,23719.37,23719.37,566400000
08-Apr-20,22893.47,23513.4,22682.99,23433.57,23433.57,472740000
07-Apr-20,23537.44,23617.24,22634.45,22653.86,22653.86,594660000
06-Apr-20,21693.63,22783.45,21693.63,22679.99,22679.99,610760000
03-Apr-20,21285.93,21447.81,20863.09,21052.53,21052.53,450010000
02-Apr-20,20819.46,21477.77,20735.02,21413.44,21413.44,529540000
01-Apr-20,21227.38,21487.24,20784.43,20943.51,20943.51,506680000
31-Mar-20,22208.42,22480.37,21852.08,21917.16,21917.16,571210000
30-Mar-20,21678.22,22378.09,21522.08,22327.48,22327.48,545540000
27-Mar-20,21898.47,22327.57,21469.27,21636.78,21636.78,588830000
26-Mar-20,21468.38,22595.06,21427.1,22552.17,22552.17,705180000
25-Mar-20,21050.34,22019.93,20538.34,21200.55,21200.55,796320000
24-Mar-20,19722.19,20737.7,19649.25,20704.91,20704.91,799340000
23-Mar-20,19028.36,19121.01,18213.65,18591.93,18591.93,787970000
20-Mar-20,20253.15,20531.26,19094.27,19173.98,19173.98,872290000
19-Mar-20,19830.01,20442.63,19177.13,20087.19,20087.19,780300000
18-Mar-20,20188.69,20489.33,18917.46,19898.92,19898.92,871360000
17-Mar-20,20487.05,21379.35,19882.26,21237.38,21237.38,793060000
16-Mar-20,20917.53,21768.28,20116.46,20188.52,20188.52,770130000
13-Mar-20,21973.82,23189.76,21285.37,23185.62,23185.62,843080000
12-Mar-20,22184.71,22837.95,21154.46,21200.62,21200.62,908260000
11-Mar-20,24604.63,24604.63,23328.32,23553.22,23553.22,663960000
10-Mar-20,24453,25020.99,23690.34,25018.16,25018.16,654860000
09-Mar-20,24992.36,24992.36,23706.07,23851.02,23851.02,750430000
06-Mar-20,25457.21,25994.38,25226.62,25864.78,25864.78,599780000
05-Mar-20,26671.92,26671.92,25943.33,26121.28,26121.28,477370000
04-Mar-20,26383.68,27102.34,26286.31,27090.86,27090.86,457590000
03-Mar-20,26762.47,27084.59,25706.28,25917.41,25917.41,647080000
02-Mar-20,25590.51,26706.17,25391.96,26703.32,26703.32,637200000
28-Feb-20,25270.83,25494.24,24681.01,25409.36,25409.36,915990000
27-Feb-20,26526,26775.31,25752.82,25766.64,25766.64,664980000
26-Feb-20,27159.46,27542.78,26890.97,26957.59,26957.59,472450000
25-Feb-20,28037.65,28149.2,26997.62,27081.36,27081.36,513270000
24-Feb-20,28402.93,28402.93,27912.44,27960.8,27960.8,452580000
21-Feb-20,29146.53,29146.53,28892.7,28992.41,28992.41,311210000
20-Feb-20,29296.25,29368.45,28959.65,29219.98,29219.98,287780000
19-Feb-20,29312.7,29409.09,29274.38,29348.03,29348.03,240640000
18-Feb-20,29282.78,29330.16,29116.81,29232.19,29232.19,256600000
14-Feb-20,29440.47,29463.04,29283.18,29398.08,29398.08,231000000
13-Feb-20,29436.03,29535.4,29345.93,29423.31,29423.31,291150000
12-Feb-20,29406.75,29568.57,29406.75,29551.42,29551.42,309530000
11-Feb-20,29390.71,29415.39,29210.47,29276.34,29276.34,279540000
10-Feb-20,28995.66,29278.07,28995.66,29276.82,29276.82,250510000
07-Feb-20,29286.92,29286.92,29056.98,29102.51,29102.51,252860000
06-Feb-20,29388.58,29408.05,29246.93,29379.77,29379.77,263700000
05-Feb-20,29048.73,29308.89,29000.85,29290.85,29290.85,357540000
04-Feb-20,28696.74,28904.88,28696.74,28807.63,28807.63,332750000
03-Feb-20,28319.65,28630.39,28319.65,28399.81,28399.81,307910000
31-Jan-20,28813.04,28813.04,28169.53,28256.03,28256.03,403890000
30-Jan-20,28640.16,28879.71,28489.76,28859.44,28859.44,326850000
29-Jan-20,28820.53,28944.24,28728.19,28734.45,28734.45,302290000
28-Jan-20,28594.28,28823.23,28575.75,28722.85,28722.85,330140000
27-Jan-20,28542.49,28671.79,28440.47,28535.8,28535.8,337270000
24-Jan-20,29230.39,29288.79,28843.31,28989.73,28989.73,380010000
23-Jan-20,29111.02,29190.47,28966.98,29160.09,29160.09,307060000
22-Jan-20,29263.63,29320.2,29172.26,29186.27,29186.27,283440000
21-Jan-20,29269.05,29341.21,29146.47,29196.04,29196.04,320640000
17-Jan-20,29313.31,29373.62,29289.91,29348.1,29348.1,321820000
16-Jan-20,29131.95,29300.32,29131.95,29297.64,29297.64,252110000
15-Jan-20,28901.8,29127.59,28897.35,29030.22,29030.22,260270000
14-Jan-20,28895.5,29054.16,28872.27,28939.67,28939.67,287440000
13-Jan-20,28869.01,28909.91,28819.43,28907.05,28907.05,249830000
10-Jan-20,28977.52,29009.07,28789.1,28823.77,28823.77,237830000
09-Jan-20,28851.97,28988.01,28844.31,28956.9,28956.9,275060000
08-Jan-20,28556.14,28866.18,28522.51,28745.09,28745.09,291750000
07-Jan-20,28639.18,28685.5,28565.28,28583.68,28583.68,258900000
06-Jan-20,28465.5,28708.02,28418.63,28703.38,28703.38,252760000
03-Jan-20,28553.33,28716.31,28500.36,28634.88,28634.88,239590000
02-Jan-20,28638.97,28872.8,28627.77,28868.8,28868.8,251820000
31-Dec-19,28414.64,28547.35,28376.49,28538.44,28538.44,193340000
30-Dec-19,28654.76,28664.69,28428.98,28462.14,28462.14,181600000
27-Dec-19,28675.34,28701.66,28608.98,28645.26,28645.26,182280000
26-Dec-19,28539.46,28624.1,28535.15,28621.39,28621.39,155970000
24-Dec-19,28572.57,28576.8,28503.21,28515.45,28515.45,86150000
23-Dec-19,28491.78,28582.49,28491.78,28551.53,28551.53,223530000
20-Dec-19,28608.64,28608.64,28445.6,28455.09,28455.09,603780000
19-Dec-19,28278.31,28381.48,28278.24,28376.96,28376.96,262570000
18-Dec-19,28291.44,28323.25,28239.28,28239.28,28239.28,289890000
17-Dec-19,28221.75,28328.63,28220.56,28267.16,28267.16,286770000
16-Dec-19,28191.67,28337.49,28191.67,28235.89,28235.89,286770000
13-Dec-19,28123.64,28290.73,28028.32,28135.38,28135.38,250660000
12-Dec-19,27898.34,28224.95,27859.87,28132.05,28132.05,277740000
11-Dec-19,27867.31,27925.5,27801.8,27911.3,27911.3,213510000
10-Dec-19,27900.65,27949.02,27804,27881.72,27881.72,213250000
09-Dec-19,27987.05,28010.42,27906.14,27909.6,27909.6,217000000
06-Dec-19,27839.68,28035.85,27839.68,28015.06,28015.06,223310000
05-Dec-19,27736.05,27745.2,27562.8,27677.79,27677.79,208600000
04-Dec-19,27634.63,27727.45,27612.08,27649.78,27649.78,218200000
03-Dec-19,27501.98,27524.74,27325.13,27502.81,27502.81,275350000
02-Dec-19,28109.74,28109.84,27782.35,27783.04,27783.04,236610000
29-Nov-19,28103.16,28119.51,28042.53,28051.41,28051.41,120630000
27-Nov-19,28156.47,28174.97,28075.23,28164,28164,198210000
26-Nov-19,28080.75,28146.02,28042.21,28121.68,28121.68,324050000
25-Nov-19,27917.77,28068.69,27917.77,28066.47,28066.47,248420000
22-Nov-19,27831.23,27898.46,27773.98,27875.62,27875.62,214780000
21-Nov-19,27820.28,27828.33,27708.34,27766.29,27766.29,232020000
20-Nov-19,27879.55,27897.28,27675.28,27821.09,27821.09,258140000
19-Nov-19,28079.76,28090.21,27894.52,27934.02,27934.02,245890000
18-Nov-19,27993.22,28040.97,27969.24,28036.22,28036.22,252320000
15-Nov-19,27843.54,28004.89,27843.54,28004.89,28004.89,283720000
14-Nov-19,27757.2,27800.71,27676.97,27781.96,27781.96,303970000
13-Nov-19,27622.04,27806.4,27587.2,27783.59,27783.59,278390000
12-Nov-19,27701.59,27770.86,27635.32,27691.49,27691.49,213670000
11-Nov-19,27580.66,27714.39,27517.67,27691.49,27691.49,202350000
08-Nov-19,27686.2,27694.95,27578.97,27681.24,27681.24,221440000
07-Nov-19,27590.16,27774.67,27590.16,27674.8,27674.8,259020000
06-Nov-19,27502.74,27526.05,27407.81,27492.56,27492.56,237910000
05-Nov-19,27500.23,27560.36,27453.55,27492.63,27492.63,286350000
04-Nov-19,27402.06,27517.58,27402.06,27462.11,27462.11,273030000
01-Nov-19,27142.95,27347.43,27142.95,27347.36,27347.36,270870000
31-Oct-19,27188.37,27188.37,26918.29,27046.23,27046.23,273830000
30-Oct-19,27110.71,27204.36,26999.64,27186.69,27186.69,231750000
29-Oct-19,27061.07,27165.94,27039.76,27071.46,27071.46,269610000
28-Oct-19,27040.33,27167.88,27028.71,27090.72,27090.72,290770000
25-Oct-19,26789.61,27015.37,26765.68,26958.06,26958.06,274610000
24-Oct-19,26893.93,26931.78,26714.34,26805.53,26805.53,253590000
23-Oct-19,26835.24,26896.89,26745,26833.95,26833.95,247680000
22-Oct-19,26850.43,26946.64,26782.61,26788.1,26788.1,265510000
21-Oct-19,26852.67,26852.67,26747.62,26827.64,26827.64,241030000
18-Oct-19,27004.49,27018.25,26770.13,26770.2,26770.2,288970000
17-Oct-19,27032.38,27112.16,26970.29,27025.88,27025.88,222540000
16-Oct-19,26972.31,27058.34,26943.29,27001.98,27001.98,214660000
15-Oct-19,26811.2,27120.11,26811.2,27024.8,27024.8,245510000
14-Oct-19,26766.43,26874.33,26749.18,26787.36,26787.36,178620000
11-Oct-19,26694.2,27013.97,26694.2,26816.59,26816.59,282080000
10-Oct-19,26317.35,26603.31,26314.51,26496.67,26496.67,217680000
09-Oct-19,26308.23,26424.31,26249.75,26346.01,26346.01,190060000
08-Oct-19,26276.59,26421.81,26139.8,26164.04,26164.04,244590000
07-Oct-19,26502.33,26655.84,26424.54,26478.02,26478.02,195200000
04-Oct-19,26271.7,26590.74,26271.7,26573.72,26573.72,221310000
03-Oct-19,26039.02,26205.2,25743.46,26201.04,26201.04,241610000
02-Oct-19,26425.86,26438.04,25974.12,26078.62,26078.62,309640000
01-Oct-19,26962.54,27046.21,26562.22,26573.04,26573.04,260110000
30-Sep-19,26852.33,26998.86,26852.33,26916.83,26916.83,222680000
27-Sep-19,26987.26,27012.54,26715.82,26820.25,26820.25,217780000
26-Sep-19,27004.11,27015.07,26803.84,26891.12,26891.12,229180000
25-Sep-19,26866.71,27016.56,26755.86,26970.71,26970.71,237220000
24-Sep-19,27034.07,27079.68,26704.96,26807.77,26807.77,301750000
23-Sep-19,26851.45,27011.07,26831.34,26949.99,26949.99,204240000
20-Sep-19,27102.18,27194.75,26926.68,26935.07,26935.07,497640000
19-Sep-19,27186.05,27272.17,27064.21,27094.79,27094.79,212360000
18-Sep-19,27075.39,27161.93,26899.15,27147.08,27147.08,212860000
17-Sep-19,27010.12,27110.8,26984.14,27110.8,27110.8,223580000
16-Sep-19,27146.06,27172.87,27032.56,27076.82,27076.82,220620000
13-Sep-19,27216.67,27277.55,27193.95,27219.52,27219.52,255260000
12-Sep-19,27197.32,27306.73,27105.01,27182.45,27182.45,250010000
11-Sep-19,26928.05,27137.04,26885.48,27137.04,27137.04,272590000
10-Sep-19,26805.83,26909.43,26717.05,26909.43,26909.43,322340000
09-Sep-19,26866.23,26900.83,26762.18,26835.51,26835.51,273120000
06-Sep-19,26790.25,26860.87,26708.39,26797.46,26797.46,209700000
05-Sep-19,26603.15,26836.3,26603.15,26728.15,26728.15,256670000
04-Sep-19,26301.99,26362.35,26244.44,26355.47,26355.47,202710000
03-Sep-19,26198.26,26198.26,25978.22,26118.02,26118.02,223210000
30-Aug-19,26476.39,26514.62,26295.59,26403.28,26403.28,216160000
29-Aug-19,26249.09,26408.84,26185.71,26362.25,26362.25,208650000
28-Aug-19,25712.99,26041.57,25637.43,26036.1,26036.1,207070000
27-Aug-19,26014.46,26054.02,25721.85,25777.9,25777.9,263530000
26-Aug-19,25826.05,25941.25,25716.39,25898.83,25898.83,222780000
23-Aug-19,26134.21,26320.29,25507.18,25628.9,25628.9,364260000
22-Aug-19,26271.64,26388.78,26099.01,26252.24,26252.24,222810000
21-Aug-19,26145.36,26268.32,26141.77,26202.73,26202.73,208790000
20-Aug-19,26086.86,26160.12,25952,25962.44,25962.44,238100000
19-Aug-19,26020.06,26222.32,26020.06,26135.79,26135.79,252640000
16-Aug-19,25678.17,25929.65,25678.17,25886.01,25886.01,276210000
15-Aug-19,25514.25,25639.69,25339.6,25579.39,25579.39,332600000
14-Aug-19,26035.08,26035.08,25471.59,25479.42,25479.42,352250000
13-Aug-19,25888.88,26426.97,25833.25,26279.91,26279.91,308900000
12-Aug-19,26169.91,26178.95,25824.94,25896.44,25896.44,199390000
09-Aug-19,26337.09,26413.36,26097.64,26287.44,26287.44,240260000
08-Aug-19,26086.52,26383.61,26038.1,26378.19,26378.19,282530000
07-Aug-19,25814.22,26073.21,25440.39,26007.07,26007.07,344790000
06-Aug-19,25810.62,26038.68,25710.87,26029.52,26029.52,318160000
05-Aug-19,26259.23,26259.23,25523.38,25717.74,25717.74,422240000
02-Aug-19,26528.66,26570.02,26249.22,26485.01,26485.01,327640000
01-Aug-19,26879.86,27175.59,26548.71,26583.42,26583.42,386320000
31-Jul-19,27244.67,27281.65,26719.6,26864.27,26864.27,385150000
30-Jul-19,27145.39,27224.36,27069.86,27198.02,27198.02,293250000
29-Jul-19,27192.24,27275.85,27178.06,27221.35,27221.35,250850000
26-Jul-19,27166,27213.7,27123.25,27192.45,27192.45,233650000
25-Jul-19,27247.39,27298.43,27062.48,27140.98,27140.98,241420000
24-Jul-19,27262.24,27291.04,27191.12,27269.97,27269.97,244320000
23-Jul-19,27231.86,27368.81,27204.58,27349.19,27349.19,248850000
22-Jul-19,27174.18,27227.77,27088.9,27171.9,27171.9,216310000
19-Jul-19,27246.38,27342.96,27145.78,27154.2,27154.2,287690000
18-Jul-19,27191.98,27266.81,27068.79,27222.97,27222.97,216070000
17-Jul-19,27320.91,27343.06,27218.38,27219.85,27219.85,193930000
16-Jul-19,27349.32,27398.68,27290.24,27335.63,27335.63,226000000
15-Jul-19,27364.69,27364.69,27294.17,27359.16,27359.16,199730000
12-Jul-19,27139.49,27333.79,27135.45,27332.03,27332.03,248390000
11-Jul-19,26950.16,27088.45,26916.32,27088.08,27088.08,252300000
10-Jul-19,26851.96,26983.45,26813.11,26860.2,26860.2,207990000
09-Jul-19,26725.12,26807.7,26665.57,26783.49,26783.49,218330000
08-Jul-19,26835.64,26839.14,26744.87,26806.14,26806.14,214290000
05-Jul-19,26867.75,26950.81,26733.33,26922.12,26922.12,192170000
03-Jul-19,26832.32,26966,26831.44,26966,26966,149840000
02-Jul-19,26719.53,26787.56,26632.65,26786.68,26786.68,219270000
01-Jul-19,26805.86,26890.64,26616.21,26717.43,26717.43,267670000
28-Jun-19,26605.93,26638.35,26522.27,26599.96,26599.96,499350000
27-Jun-19,26523.72,26607.24,26465.32,26526.58,26526.58,246930000
26-Jun-19,26599.42,26660.04,26536.33,26536.82,26536.82,274340000
25-Jun-19,26731.61,26752.31,26527.66,26548.22,26548.22,282160000
24-Jun-19,26727.61,26806.52,26723.37,26727.54,26727.54,232390000
21-Jun-19,26749.12,26907.37,26705.87,26719.13,26719.13,485560000
20-Jun-19,26665.38,26798.63,26539.69,26753.17,26753.17,278170000
19-Jun-19,26490.16,26569.75,26415.05,26504,26504,240950000
18-Jun-19,26228.9,26527.19,26227.8,26465.54,26465.54,273490000
17-Jun-19,26108.53,26165.78,26049.8,26112.53,26112.53,199500000
14-Jun-19,26076.36,26162.28,25988.09,26089.61,26089.61,208020000
13-Jun-19,26036.94,26146.91,25995.71,26106.77,26106.77,213400000
12-Jun-19,26040.3,26082.1,25958.66,26004.83,26004.83,223690000
11-Jun-19,26180.59,26248.67,25998.87,26048.51,26048.51,253490000
10-Jun-19,26090.22,26210.61,26054.31,26062.68,26062.68,249280000
07-Jun-19,25768.72,26072.75,25768.72,25983.94,25983.94,263010000
06-Jun-19,25567.45,25800.3,25518.05,25720.66,25720.66,248070000
05-Jun-19,25451,25544.66,25373.58,25539.57,25539.57,262660000
04-Jun-19,24962.82,25343.77,24962.82,25332.18,25332.18,281690000
03-Jun-19,24830.16,24935.21,24680.57,24819.78,24819.78,328240000
31-May-19,25046.31,25046.31,24809.51,24815.04,24815.04,292230000
30-May-19,25139.94,25218.54,25066.75,25169.88,25169.88,215240000
29-May-19,25231.46,25231.46,24938.24,25126.41,25126.41,298930000
28-May-19,25616.55,25717.63,25342.28,25347.77,25347.77,358980000
24-May-19,25551.07,25670.81,25496.2,25585.69,25585.69,201370000
23-May-19,25657.99,25657.99,25328.09,25490.47,25490.47,316940000
22-May-19,25818.46,25878.21,25755.11,25776.61,25776.61,241760000
21-May-19,25782.34,25898.27,25779.61,25877.33,25877.33,260870000
20-May-19,25655.31,25751.71,25560.55,25679.9,25679.9,279560000
17-May-19,25719.95,25948.74,25657.78,25764,25764,283760000
16-May-19,25692.14,25957.63,25692.14,25862.68,25862.68,320960000
15-May-19,25400.13,25724.89,25341.94,25648.02,25648.02,270720000
14-May-19,25384.03,25688.96,25384.03,25532.05,25532.05,291570000
13-May-19,25568.06,25568.06,25222.51,25324.99,25324.99,361240000
10-May-19,25763.72,26019.32,25469.86,25942.37,25942.37,294580000
09-May-19,25878.85,25884.89,25517.39,25828.36,25828.36,334760000
08-May-19,25933.79,26118.1,25889.41,25967.33,25967.33,276420000
07-May-19,26276.9,26276.9,25789.71,25965.09,25965.09,334960000
06-May-19,26160.62,26476.27,26033.95,26438.48,26438.48,283020000
03-May-19,26379.14,26534.96,26370.09,26504.95,26504.95,248900000
02-May-19,26407.15,26454.69,26180.36,26307.79,26307.79,287610000
01-May-19,26639.06,26689.39,26426.38,26430.14,26430.14,303850000
30-Apr-19,26594.56,26614.04,26419.47,26592.91,26592.91,340320000
29-Apr-19,26559.87,26602.54,26520.75,26554.39,26554.39,279450000
26-Apr-19,26454.62,26543.56,26392.55,26543.33,26543.33,317290000
25-Apr-19,26426.37,26536.48,26310.28,26462.08,26462.08,296730000
24-Apr-19,26652.56,26680.58,26582.86,26597.05,26597.05,283370000
23-Apr-19,26513.83,26695.96,26503.56,26656.39,26656.39,311690000
22-Apr-19,26510.77,26553.05,26458.61,26511.05,26511.05,232570000
18-Apr-19,26463.37,26602.42,26444.53,26559.54,26559.54,332850000
17-Apr-19,26468.53,26501.02,26391.86,26449.54,26449.54,367780000
16-Apr-19,26482.19,26530.71,26397.19,26452.66,26452.66,302340000
15-Apr-19,26407.76,26424.85,26316.42,26384.77,26384.77,250620000
12-Apr-19,26357.79,26436.68,26309.72,26412.3,26412.3,369910000
11-Apr-19,26188.21,26229.88,26062.59,26143.05,26143.05,211680000
10-Apr-19,26173.71,26209.49,26101.24,26157.16,26157.16,203130000
09-Apr-19,26243.54,26246.34,26103.14,26150.58,26150.58,244410000
08-Apr-19,26312.67,26344.65,26246.03,26341.02,26341.02,229380000
05-Apr-19,26427.56,26487.57,26370.82,26424.99,26424.99,229550000
04-Apr-19,26213.42,26398.9,26212.78,26384.63,26384.63,233040000
03-Apr-19,26238.03,26282.17,26138.47,26218.13,26218.13,271980000
02-Apr-19,26213.55,26221.24,26122.31,26179.13,26179.13,250940000
01-Apr-19,26075.1,26280.9,26071.69,26258.42,26258.42,295570000
29-Mar-19,25827.31,25949.32,25771.67,25928.68,25928.68,300620000
28-Mar-19,25693.32,25743.41,25576.69,25717.46,25717.46,237170000
27-Mar-19,25676.34,25758.17,25425.27,25625.59,25625.59,270340000
26-Mar-19,25649.56,25796.29,25544.78,25657.73,25657.73,305110000
25-Mar-19,25490.72,25603.27,25372.26,25516.83,25516.83,303120000
22-Mar-19,25844.65,25877.01,25501.45,25502.32,25502.32,386510000
21-Mar-19,25688.44,26009.9,25657.78,25962.51,25962.51,335250000
20-Mar-19,25867.79,25929.52,25670.63,25745.67,25745.67,321980000
19-Mar-19,25987.87,26109.68,25814.92,25887.38,25887.38,342250000
18-Mar-19,25801.88,25924.77,25785.66,25914.1,25914.1,303170000
15-Mar-19,25720.96,25927.91,25649.7,25848.87,25848.87,616910000
14-Mar-19,25692.31,25752.84,25621.31,25709.94,25709.94,302790000
13-Mar-19,25637.23,25776.49,25571.31,25702.89,25702.89,331410000
12-Mar-19,25600.3,25675.44,25522.17,25554.66,25554.66,317730000
11-Mar-19,25208,25661.63,25208,25650.88,25650.88,309790000
08-Mar-19,25347.38,25466.14,25252.46,25450.24,25450.24,270500000
07-Mar-19,25645.45,25645.45,25352.55,25473.23,25473.23,289140000
06-Mar-19,25818.76,25837.61,25633.71,25673.46,25673.46,256250000
05-Mar-19,25829.07,25877.15,25725.63,25806.63,25806.63,252260000
04-Mar-19,26122.19,26155.98,25611.55,25819.65,25819.65,295510000
01-Mar-19,26019.67,26143.92,25914.37,26026.32,26026.32,289890000
28-Feb-19,25984.28,26029.21,25896.56,25916,25916,338520000
27-Feb-19,25995.6,26039.68,25877.24,25985.16,25985.16,255380000
26-Feb-19,26051.61,26155.29,25966.01,26057.98,26057.98,257850000
25-Feb-19,26126.15,26241.42,26080.66,26091.95,26091.95,281600000
22-Feb-19,25906.27,26052.9,25906.27,26031.81,26031.81,279760000
21-Feb-19,25922.41,25938.88,25762.21,25850.63,25850.63,255710000
20-Feb-19,25872.26,25986.2,25846.48,25954.44,25954.44,287880000
19-Feb-19,25849.85,25961.44,25820.01,25891.32,25891.32,280620000
15-Feb-19,25564.63,25883.72,25564.63,25883.25,25883.25,328530000
14-Feb-19,25460.65,25558.9,25308.09,25439.39,25439.39,313010000
13-Feb-19,25480.86,25625.95,25480.86,25543.27,25543.27,263330000
12-Feb-19,25152.03,25458.98,25152.03,25425.76,25425.76,278110000
11-Feb-19,25142.81,25196.75,25009.1,25053.11,25053.11,241700000
08-Feb-19,25042.36,25106.39,24883.04,25106.33,25106.33,248210000
07-Feb-19,25265.81,25314.26,25000.52,25169.53,25169.53,295460000
06-Feb-19,25371.57,25439.04,25312.06,25390.3,25390.3,247590000
05-Feb-19,25287.93,25427.32,25287.65,25411.52,25411.52,310650000
04-Feb-19,25062.12,25239.91,24977.67,25239.37,25239.37,298540000
01-Feb-19,25025.31,25193.15,24982.49,25063.89,25063.89,372090000
31-Jan-19,24954.48,25049.62,24842.09,24999.67,24999.67,507350000
30-Jan-19,24826.52,25109.62,24790.9,25014.86,25014.86,397330000
29-Jan-19,24519.62,24674.87,24504.04,24579.96,24579.96,330870000
28-Jan-19,24596.98,24596.98,24323.94,24528.22,24528.22,347170000
25-Jan-19,24687.21,24860.15,24676.75,24737.2,24737.2,376890000
24-Jan-19,24579.96,24626.3,24422.73,24553.24,24553.24,320170000
23-Jan-19,24577.25,24700.98,24307.17,24575.62,24575.62,318600000
22-Jan-19,24607.76,24607.76,24244.31,24404.48,24404.48,338480000
18-Jan-19,24534.19,24750.22,24459.03,24706.35,24706.35,372970000
17-Jan-19,24147.09,24474.46,24088.9,24370.1,24370.1,288590000
16-Jan-19,24139.91,24288.61,24119.72,24207.16,24207.16,302830000
15-Jan-19,23914.11,24099.14,23887.93,24065.59,24065.59,291570000
14-Jan-19,23880.53,23964.9,23765.24,23909.84,23909.84,277560000
11-Jan-19,23940.01,23996.32,23798.16,23995.95,23995.95,262650000
10-Jan-19,23811.11,24014.78,23703.25,24001.92,24001.92,338150000
09-Jan-19,23844.27,24084.71,23703.16,23879.12,23879.12,324570000
08-Jan-19,23680.32,23864.65,23581.45,23787.45,23787.45,317420000
07-Jan-19,23474.26,23687.74,23301.59,23531.35,23531.35,334200000
04-Jan-19,22894.92,23518.64,22894.92,23433.16,23433.16,396020000
03-Jan-19,23176.39,23176.39,22638.41,22686.22,22686.22,424240000
02-Jan-19,23058.61,23413.47,22928.59,23346.24,23346.24,321570000
31-Dec-18,23153.94,23333.18,23118.3,23327.46,23327.46,288830000
28-Dec-18,23213.61,23381.88,22981.33,23062.4,23062.4,336510000
27-Dec-18,22629.06,23138.89,22267.42,23138.82,23138.82,407940000
26-Dec-18,21857.73,22878.92,21712.53,22878.45,22878.45,433080000
24-Dec-18,22317.28,22339.87,21792.2,21792.2,21792.2,308420000
21-Dec-18,22871.74,23254.59,22396.34,22445.37,22445.37,900510000
20-Dec-18,23224.12,23282.2,22644.31,22859.6,22859.6,576700000
19-Dec-18,23693.33,24057.34,23162.64,23323.66,23323.66,503550000
18-Dec-18,23769.13,23927.77,23516.02,23675.64,23675.64,408070000
17-Dec-18,23986.83,24088.08,23456.88,23592.98,23592.98,466740000
14-Dec-18,24408.04,24431.14,24033.79,24100.51,24100.51,416940000
13-Dec-18,24575.86,24740.96,24473.29,24597.38,24597.38,299970000
12-Dec-18,24509.09,24828.29,24509.09,24527.27,24527.27,344330000
11-Dec-18,24719.91,24791.26,24221.06,24370.24,24370.24,342960000
10-Dec-18,24360.95,24500.81,23881.37,24423.26,24423.26,389690000
07-Dec-18,24918.82,25095.62,24284.78,24388.95,24388.95,398230000
06-Dec-18,24737.42,24951.01,24242.22,24947.67,24947.67,471690000
04-Dec-18,25752.56,25773.12,25008.11,25027.07,25027.07,418900000
03-Dec-18,25779.57,25980.21,25670.51,25826.43,25826.43,388480000
30-Nov-18,25307.14,25549.71,25250.97,25538.46,25538.46,482250000
29-Nov-18,25343.65,25479.04,25202.79,25338.84,25338.84,305110000
28-Nov-18,24832.84,25368.93,24832.84,25366.43,25366.43,362160000
27-Nov-18,24557.02,24750.73,24416.03,24748.73,24748.73,308250000
26-Nov-18,24364.13,24673.29,24364.13,24640.24,24640.24,306280000
23-Nov-18,24336.4,24408.8,24268.74,24285.95,24285.95,155940000
21-Nov-18,24541.65,24669.79,24463.28,24464.69,24464.69,289370000
20-Nov-18,24618.68,24707.26,24368.98,24465.64,24465.64,445920000
19-Nov-18,25392.61,25392.61,24900.98,25017.44,25017.44,358090000
16-Nov-18,25242.35,25510.23,25147.8,25413.22,25413.22,354460000
15-Nov-18,25061.48,25354.56,24787.79,25289.27,25289.27,392750000
14-Nov-18,25388.08,25501.29,24935.82,25080.5,25080.5,384240000
13-Nov-18,25321.21,25511.03,25193.78,25286.49,25286.49,339690000
12-Nov-18,25959.33,25966.71,25340.51,25387.18,25387.18,346910000
09-Nov-18,26149.11,26161.49,25882.91,25989.3,25989.3,324450000
08-Nov-18,26139.59,26277.82,26081.9,26191.22,26191.22,295650000
07-Nov-18,25788.46,26200.14,25765.88,26180.3,26180.3,361780000
06-Nov-18,25452.83,25651.86,25444.9,25635.01,25635.01,265450000
05-Nov-18,25261.47,25507.35,25261.47,25461.7,25461.7,334740000
02-Nov-18,25443.6,25578.98,25078.72,25270.83,25270.83,429480000
01-Nov-18,25142.08,25396.47,25108.11,25380.74,25380.74,383970000
31-Oct-18,25008.82,25336.55,25008.82,25115.76,25115.76,448930000
30-Oct-18,24482.04,24906.68,24415.69,24874.64,24874.64,470050000
29-Oct-18,24818.98,25040.58,24122.23,24442.92,24442.92,443850000
26-Oct-18,24770.25,24916.16,24445.19,24688.31,24688.31,505310000
25-Oct-18,24736.54,25104.29,24645.56,24984.55,24984.55,439670000
24-Oct-18,25172.88,25306.23,24533.19,24583.42,24583.42,496400000
23-Oct-18,25038.46,25307.7,24768.79,25191.43,25191.43,436430000
22-Oct-18,25492.14,25561.34,25236.05,25317.41,25317.41,314940000
19-Oct-18,25421.09,25608.71,25350.02,25444.34,25444.34,350810000
18-Oct-18,25645.56,25691.46,25236.01,25379.45,25379.45,328020000
17-Oct-18,25705.87,25810.09,25479.16,25706.68,25706.68,298210000
16-Oct-18,25351.53,25817.68,25351.53,25798.42,25798.42,305800000
15-Oct-18,25332.46,25482.42,25243.88,25250.55,25250.55,287320000
12-Oct-18,25407.63,25467.55,25000.83,25339.99,25339.99,397510000
11-Oct-18,25518.39,25683.64,24899.77,25052.83,25052.83,522880000
10-Oct-18,26441.73,26487.87,25567.1,25598.74,25598.74,438200000
09-Oct-18,26469.19,26539.94,26324.16,26430.57,26430.57,282560000
08-Oct-18,26399.45,26529.35,26223.09,26486.78,26486.78,273020000
05-Oct-18,26632.77,26676.16,26301.81,26447.05,26447.05,267100000
04-Oct-18,26784.08,26793.82,26471.61,26627.48,26627.48,289600000
03-Oct-18,26833.47,26951.81,26789.08,26828.39,26828.39,280130000
02-Oct-18,26648.91,26824.78,26627.66,26773.94,26773.94,258290000
01-Oct-18,26598.36,26737.98,26596.05,26651.21,26651.21,238320000
28-Sep-18,26407.66,26515.76,26383.57,26458.31,26458.31,264030000
27-Sep-18,26418.27,26557.01,26379.95,26439.93,26439.93,226350000
26-Sep-18,26536.86,26606.09,26349.34,26385.28,26385.28,262620000
25-Sep-18,26601.58,26634.85,26475.58,26492.21,26492.21,234110000
24-Sep-18,26705.25,26709.94,26548.68,26562.05,26562.05,254850000
21-Sep-18,26726.25,26769.16,26680.37,26743.5,26743.5,657620000
20-Sep-18,26519.39,26697.49,26519.39,26656.98,26656.98,260480000
19-Sep-18,26287.84,26464.41,26280.76,26405.76,26405.76,251330000
18-Sep-18,26076.21,26317.34,26076.21,26246.96,26246.96,243000000
17-Sep-18,26151.66,26184.47,26030.35,26062.12,26062.12,230230000
14-Sep-18,26169.56,26211.11,26068.29,26154.67,26154.67,228640000
13-Sep-18,26083.94,26191.64,26067.08,26145.99,26145.99,260800000
12-Sep-18,25989.07,26145.72,25929.43,25998.92,25998.92,282770000
11-Sep-18,25841.14,26019.92,25754.32,25971.06,25971.06,265960000
10-Sep-18,25991.91,26039.96,25854.13,25857.07,25857.07,252170000
07-Sep-18,25951.02,26002.99,25818.39,25916.54,25916.54,281350000
06-Sep-18,25973.02,26073.68,25880.84,25995.87,25995.87,262380000
05-Sep-18,25919.84,26011.22,25871.04,25974.99,25974.99,289210000
04-Sep-18,25916.07,25971.77,25805.95,25952.48,25952.48,254600000
31-Aug-18,25964.85,26028.83,25879.77,25964.82,25964.82,273440000
30-Aug-18,26099.01,26104.37,25934.8,25986.92,25986.92,240440000
29-Aug-18,26082.53,26167.94,26035.3,26124.57,26124.57,214960000
28-Aug-18,26092.7,26122.24,26037.85,26064.02,26064.02,211470000
27-Aug-18,25882.71,26067.57,25882.71,26049.64,26049.64,220510000
24-Aug-18,25688.58,25826.05,25688.58,25790.35,25790.35,200330000
23-Aug-18,25714.86,25762.56,25608.02,25656.98,25656.98,213270000
22-Aug-18,25825.06,25836.16,25722.43,25733.6,25733.6,200480000
21-Aug-18,25786.99,25888.82,25784.9,25822.29,25822.29,241620000
20-Aug-18,25727.7,25790.17,25716.41,25758.69,25758.69,248570000
17-Aug-18,25550.8,25728.16,25521.66,25669.32,25669.32,284160000
16-Aug-18,25294.97,25607.34,25294.97,25558.73,25558.73,342430000
15-Aug-18,25235.37,25235.37,24965.77,25162.41,25162.41,295810000
14-Aug-18,25215.69,25339.51,25201.87,25299.92,25299.92,219210000
13-Aug-18,25327.19,25381.39,25153.93,25187.7,25187.7,219990000
10-Aug-18,25401.19,25401.19,25222.88,25313.14,25313.14,234480000
09-Aug-18,25589.79,25613.31,25492.69,25509.23,25509.23,214970000
08-Aug-18,25615.72,25634.11,25557.48,25583.75,25583.75,217770000
07-Aug-18,25551.65,25692.72,25551.65,25628.91,25628.91,239910000
06-Aug-18,25437.43,25540.02,25381.38,25502.18,25502.18,238990000
03-Aug-18,25360.37,25467.9,25325.17,25462.58,25462.58,239020000
02-Aug-18,25256.45,25360.48,25120.07,25326.16,25326.16,307700000
01-Aug-18,25461.63,25488.8,25278.32,25333.82,25333.82,315880000
31-Jul-18,25345.21,25490.98,25345.21,25415.19,25415.19,348700000
30-Jul-18,25439.32,25500.16,25287.38,25306.83,25306.83,296880000
27-Jul-18,25520.52,25580.22,25370.07,25451.06,25451.06,329680000
26-Jul-18,25468.55,25587.24,25463.16,25527.07,25527.07,297530000
25-Jul-18,25183.7,25432.87,25113.55,25414.1,25414.1,273670000
24-Jul-18,25092.43,25286.62,25092.43,25241.94,25241.94,274940000
23-Jul-18,25036.9,25081.45,24983.33,25044.29,25044.29,228820000
20-Jul-18,25041.14,25124.1,24986.35,25058.12,25058.12,274080000
19-Jul-18,25139.15,25154.17,25052.62,25064.5,25064.5,285760000
18-Jul-18,25133.79,25215.32,25101.12,25199.29,25199.29,252870000
17-Jul-18,25033.92,25155.39,24989.61,25119.89,25119.89,250450000
16-Jul-18,25025.58,25072.41,24979.64,25064.36,25064.36,231270000
13-Jul-18,24926.07,25043.21,24890.06,25019.41,25019.41,255520000
12-Jul-18,24802.9,24939.97,24802.9,24924.89,24924.89,233150000
11-Jul-18,24789.48,24815.16,24663.82,24700.45,24700.45,237370000
10-Jul-18,24806.97,24945.38,24806.97,24919.66,24919.66,235040000
09-Jul-18,24519.2,24796.52,24518.43,24776.59,24776.59,240580000
06-Jul-18,24352.47,24520.29,24281.47,24456.48,24456.48,219450000
05-Jul-18,24285.82,24372.8,24177.44,24356.74,24356.74,237670000
03-Jul-18,24359.39,24444.88,24150.85,24174.82,24174.82,160960000
02-Jul-18,24161.53,24319.42,24077.56,24307.18,24307.18,244110000
29-Jun-18,24323.93,24509.52,24269.71,24271.41,24271.41,329070000
28-Jun-18,24064.19,24308.16,23997.21,24216.05,24216.05,305020000
27-Jun-18,24303.11,24569.02,24115.82,24117.59,24117.59,313790000
26-Jun-18,24281.89,24384.21,24241.22,24283.11,24283.11,301130000
25-Jun-18,24463.73,24463.73,24084.39,24252.8,24252.8,439130000
22-Jun-18,24526.97,24663.18,24526.97,24580.89,24580.89,473970000
21-Jun-18,24639.21,24639.21,24406.63,24461.7,24461.7,349570000
20-Jun-18,24771.17,24804.76,24628.39,24657.8,24657.8,359520000
19-Jun-18,24763.59,24763.59,24567.75,24700.21,24700.21,376380000
18-Jun-18,24944.28,25003.1,24825.77,24987.47,24987.47,337070000
15-Jun-18,25116.71,25130.82,24894.38,25090.48,25090.48,659370000
14-Jun-18,25254.65,25332.5,25138.6,25175.31,25175.31,341170000
13-Jun-18,25328.65,25362.07,25191.42,25201.2,25201.2,329700000
12-Jun-18,25346.82,25364.37,25247.04,25320.73,25320.73,265750000
11-Jun-18,25336.67,25402.83,25290.2,25322.31,25322.31,276740000
08-Jun-18,25209.29,25325.63,25165.7,25316.53,25316.53,317510000
07-Jun-18,25192.14,25326.09,25164.48,25241.41,25241.41,357680000
06-Jun-18,24854.14,25146.46,24854.14,25146.39,25146.39,316090000
05-Jun-18,24820.12,24838.78,24710.82,24799.98,24799.98,306340000
04-Jun-18,24727.55,24859.37,24722.14,24813.69,24813.69,340400000
01-Jun-18,24542.09,24673.6,24542.09,24635.21,24635.21,315710000
31-May-18,24620.79,24620.79,24352.15,24415.84,24415.84,429740000
30-May-18,24467.83,24714.48,24459.09,24667.78,24667.78,324870000
29-May-18,24606.59,24635.18,24247.84,24361.45,24361.45,395810000
25-May-18,24781.29,24824.22,24687.81,24753.09,24753.09,257210000
24-May-18,24877.36,24877.36,24605.9,24811.76,24811.76,347050000
23-May-18,24757.71,24889.46,24667.12,24886.81,24886.81,399610000
22-May-18,25047.55,25064.99,24812.06,24834.41,24834.41,288200000
21-May-18,24883.06,25086.49,24883.06,25013.29,25013.29,308920000
18-May-18,24707.72,24774.97,24664.87,24715.09,24715.09,269700000
17-May-18,24752.4,24839.49,24639.4,24713.98,24713.98,314650000
16-May-18,24722.32,24801.19,24672.79,24768.93,24768.93,280810000
15-May-18,24809.55,24809.55,24629.39,24706.41,24706.41,301900000
14-May-18,24879.37,24994.19,24862.52,24899.41,24899.41,282860000
11-May-18,24758.64,24868.65,24717.5,24831.17,24831.17,274150000
10-May-18,24591.66,24794.99,24575.91,24739.53,24739.53,304210000
09-May-18,24399.18,24586.48,24323.87,24542.54,24542.54,361580000
08-May-18,24341.35,24412.34,24198.34,24360.21,24360.21,344940000
07-May-18,24317.66,24479.45,24263.42,24357.32,24357.32,307670000
04-May-18,23865.22,24333.35,23778.87,24262.51,24262.51,329480000
03-May-18,23836.23,23996.15,23531.31,23930.15,23930.15,389240000
02-May-18,24097.63,24185.52,23886.3,23924.98,23924.98,385350000
01-May-18,24117.29,24117.29,23808.19,24099.05,24099.05,380070000